,Station,Time,Forecast(Entry/h),",Forecast(Exit/h)",Forecast(Traffic/h_turnstl)
1,14 ST-UNION SQ,8/5/2017 1:00,3740.996239,1728.829934,39.16460972
2,14 ST-UNION SQ,8/5/2017 5:00,619.5046043,455.2464727,8.409332433
3,14 ST-UNION SQ,8/5/2017 9:00,1993.603399,3643.519978,39.78427751
4,14 ST-UNION SQ,8/5/2017 13:00,3484.591241,5789.352226,61.40142215
5,14 ST-UNION SQ,8/5/2017 17:00,6945.235542,5142.814185,81.59529331
6,14 ST-UNION SQ,8/5/2017 21:00,8207.742151,4806.313306,90.12537404
7,14 ST-UNION SQ,8/6/2017 1:00,3779.887122,1761.707524,39.4862739
8,14 ST-UNION SQ,8/6/2017 5:00,1011.452318,587.3025373,11.19222487
9,14 ST-UNION SQ,8/6/2017 9:00,2223.303567,3441.611454,39.78201549
10,14 ST-UNION SQ,8/6/2017 13:00,3580.295361,5307.133526,60.52058707
11,14 ST-UNION SQ,8/6/2017 17:00,6670.021281,4759.041598,78.59544122
12,14 ST-UNION SQ,8/6/2017 21:00,7815.069155,4444.189641,86.31711166
13,14 ST-UNION SQ,8/7/2017 1:00,3775.259149,1971.266851,40.11344965
14,14 ST-UNION SQ,8/7/2017 5:00,1300.214092,923.5356974,14.300896
15,14 ST-UNION SQ,8/7/2017 9:00,2380.676055,3452.515469,40.46761246
16,14 ST-UNION SQ,8/7/2017 13:00,3603.306677,5093.822964,59.45101914
17,14 ST-UNION SQ,8/7/2017 17:00,6370.403234,4614.605117,76.06161447
18,14 ST-UNION SQ,8/7/2017 21:00,7401.084838,4332.798342,83.21878566
19,14 ST-UNION SQ,8/8/2017 1:00,3773.555547,2155.415447,40.76104036
20,14 ST-UNION SQ,8/8/2017 5:00,1555.824719,1227.859548,17.05110923
21,14 ST-UNION SQ,8/8/2017 9:00,2523.066611,3463.107683,41.0797139
22,14 ST-UNION SQ,8/8/2017 13:00,3621.329629,4911.340829,58.53051801
23,14 ST-UNION SQ,8/8/2017 17:00,6102.121713,4489.13233,73.77582979
24,14 ST-UNION SQ,8/8/2017 21:00,7027.677972,4239.457338,80.3394649
25,14 ST-UNION SQ,8/9/2017 1:00,3772.017855,2320.812585,41.36020224
26,14 ST-UNION SQ,8/9/2017 5:00,1783.41603,1501.148324,19.59026414
27,14 ST-UNION SQ,8/9/2017 9:00,2650.464776,3475.62487,41.65444211
28,14 ST-UNION SQ,8/9/2017 13:00,3636.057718,4754.386025,57.67545317
29,14 ST-UNION SQ,8/9/2017 17:00,5860.941531,4381.719104,71.67608543
30,14 ST-UNION SQ,8/9/2017 21:00,6691.463348,4161.045436,77.70445385
31,14 ST-UNION SQ,8/10/2017 1:00,3769.967988,2470.4303,41.91441537
32,14 ST-UNION SQ,8/10/2017 5:00,1986.404638,1746.424536,21.92344732
33,14 ST-UNION SQ,8/10/2017 9:00,2763.978699,3490.307716,42.18429214
34,14 ST-UNION SQ,8/10/2017 13:00,3648.18313,4619.616913,56.89620361
35,14 ST-UNION SQ,8/10/2017 17:00,5643.782564,4290.533011,69.75224915
36,14 ST-UNION SQ,8/10/2017 21:00,6388.844179,4095.604405,75.28758007
37,14 ST-UNION SQ,8/11/2017 1:00,3767.267607,2606.277317,42.42676029
38,14 ST-UNION SQ,8/11/2017 5:00,2167.480149,1966.833205,24.0699206
39,14 ST-UNION SQ,8/11/2017 9:00,2864.911905,3507.00169,42.67462098
40,14 ST-UNION SQ,8/11/2017 13:00,3658.077,4504.365614,56.18388231
41,14 ST-UNION SQ,8/11/2017 17:00,5448.086554,4213.736972,67.9891067
42,14 ST-UNION SQ,8/11/2017 21:00,6116.428259,4041.573621,73.07202028
43,FLUSHING-MAIN,8/5/2017 0:00,1704.565053,2157.040329,34.37480061
44,FLUSHING-MAIN,8/5/2017 4:00,441.85904,434.2225994,7.237222526
45,FLUSHING-MAIN,8/5/2017 8:00,3026.81435,879.3220562,36.24680303
46,FLUSHING-MAIN,8/5/2017 12:00,3829.918686,1641.454348,51.49946695
47,FLUSHING-MAIN,8/5/2017 16:00,2565.030759,2171.972622,43.21830239
48,FLUSHING-MAIN,8/5/2017 20:00,3058.394967,4049.529513,65.90252552
49,FLUSHING-MAIN,8/6/2017 0:00,1659.72793,2120.649952,35.12103791
50,FLUSHING-MAIN,8/6/2017 4:00,561.4876106,498.0841963,10.05689803
51,FLUSHING-MAIN,8/6/2017 8:00,2740.975417,919.5113908,36.7318893
52,FLUSHING-MAIN,8/6/2017 12:00,3439.306762,1611.831395,50.7854782
53,FLUSHING-MAIN,8/6/2017 16:00,2371.655652,2064.561459,43.12222049
54,FLUSHING-MAIN,8/6/2017 20:00,2760.193342,3859.670874,64.0232228
55,FLUSHING-MAIN,8/7/2017 0:00,1731.541664,2090.004159,35.08174095
56,FLUSHING-MAIN,8/7/2017 4:00,795.6447232,597.9390314,11.99700051
57,FLUSHING-MAIN,8/7/2017 8:00,2686.757846,993.4699966,36.56206323
58,FLUSHING-MAIN,8/7/2017 12:00,3276.158084,1629.640969,49.50501903
59,FLUSHING-MAIN,8/7/2017 16:00,2353.484667,2084.38587,42.44587489
60,FLUSHING-MAIN,8/7/2017 20:00,2706.387299,3689.159631,61.69588456
61,FLUSHING-MAIN,8/8/2017 0:00,1823.211738,2076.811753,35.03181187
62,FLUSHING-MAIN,8/8/2017 4:00,1018.514956,689.3337457,13.76855604
63,FLUSHING-MAIN,8/8/2017 8:00,2623.120418,1054.112987,36.39462965
64,FLUSHING-MAIN,8/8/2017 12:00,3133.115583,1640.349506,48.31574831
65,FLUSHING-MAIN,8/8/2017 16:00,2348.134964,2036.15305,41.81373309
66,FLUSHING-MAIN,8/8/2017 20:00,2637.88356,3554.42219,59.54424476
67,FLUSHING-MAIN,8/9/2017 0:00,1888.925556,2052.199865,34.97781527
68,FLUSHING-MAIN,8/9/2017 4:00,1201.718568,776.5974309,15.39288434
69,FLUSHING-MAIN,8/9/2017 8:00,2585.172324,1115.042211,36.23302075
70,FLUSHING-MAIN,8/9/2017 12:00,3018.708259,1656.191098,47.21318135
71,FLUSHING-MAIN,8/9/2017 16:00,2343.229805,2040.230619,41.22436898
72,FLUSHING-MAIN,8/9/2017 20:00,2599.074253,3414.712104,57.55538063
73,FLUSHING-MAIN,8/10/2017 0:00,1959.093026,2038.64926,34.92106891
74,FLUSHING-MAIN,8/10/2017 4:00,1369.357779,856.2076736,16.88200438
75,FLUSHING-MAIN,8/10/2017 8:00,2548.460055,1167.926646,36.07719554
76,FLUSHING-MAIN,8/10/2017 12:00,2921.739365,1667.425818,46.19067403
77,FLUSHING-MAIN,8/10/2017 16:00,2345.23186,2008.673707,40.67456732
78,FLUSHING-MAIN,8/10/2017 20:00,2559.588929,3297.807786,55.71654663
79,FLUSHING-MAIN,8/11/2017 0:00,2016.618723,2019.865549,34.86185139
80,FLUSHING-MAIN,8/11/2017 4:00,1512.303136,931.2265586,18.24663769
81,FLUSHING-MAIN,8/11/2017 8:00,2525.623415,1219.765576,35.92672285
82,FLUSHING-MAIN,8/11/2017 12:00,2844.074805,1681.039791,45.24192888
83,FLUSHING-MAIN,8/11/2017 16:00,2349.12337,2006.039383,40.16121687
84,FLUSHING-MAIN,8/11/2017 20:00,2535.633743,3181.688379,54.01590965
85,JKSN HT-ROOSVLT,8/5/2017 0:00,1315.583823,1838.798716,35.59332814
86,JKSN HT-ROOSVLT,8/5/2017 4:00,416.5314683,967.0926138,13.74242427
87,JKSN HT-ROOSVLT,8/5/2017 8:00,2238.177606,587.6349499,32.95758006
88,JKSN HT-ROOSVLT,8/5/2017 12:00,3346.15963,1026.442913,50.10958864
89,JKSN HT-ROOSVLT,8/5/2017 16:00,2322.178791,1835.763767,48.07822515
90,JKSN HT-ROOSVLT,8/5/2017 20:00,2414.525641,3194.554416,63.78743416
91,JKSN HT-ROOSVLT,8/6/2017 0:00,1161.797927,1793.486644,36.05109029
92,JKSN HT-ROOSVLT,8/6/2017 4:00,331.7046483,1012.126542,15.52490511
93,JKSN HT-ROOSVLT,8/6/2017 8:00,1960.386871,672.0005626,33.41417223
94,JKSN HT-ROOSVLT,8/6/2017 12:00,2907.097664,1065.29038,48.92422078
95,JKSN HT-ROOSVLT,8/6/2017 16:00,2057.780929,1790.671751,47.52441162
96,JKSN HT-ROOSVLT,8/6/2017 20:00,2124.382768,3008.53828,61.91961606
97,JKSN HT-ROOSVLT,8/7/2017 0:00,1246.573227,1756.141436,36.25170753
98,JKSN HT-ROOSVLT,8/7/2017 4:00,508.1642186,1055.817604,16.9308698
99,JKSN HT-ROOSVLT,8/7/2017 8:00,1977.648663,750.9667163,33.7866054
100,JKSN HT-ROOSVLT,8/7/2017 12:00,2839.069033,1103.467627,47.9617278
101,JKSN HT-ROOSVLT,8/7/2017 16:00,2050.256216,1753.618219,46.78262569
102,JKSN HT-ROOSVLT,8/7/2017 20:00,2114.878143,2845.177343,59.95330767
103,JKSN HT-ROOSVLT,8/8/2017 0:00,1348.167025,1722.72381,36.30100148
104,JKSN HT-ROOSVLT,8/8/2017 4:00,686.4717605,1095.031979,18.34130031
105,JKSN HT-ROOSVLT,8/8/2017 8:00,1986.370543,821.7977936,34.00101554
106,JKSN HT-ROOSVLT,8/8/2017 12:00,2737.924554,1137.740122,47.07004947
107,JKSN HT-ROOSVLT,8/8/2017 16:00,2063.313164,1720.46228,46.03518181
108,JKSN HT-ROOSVLT,8/8/2017 20:00,2115.967945,2698.813597,58.19596492
109,JKSN HT-ROOSVLT,8/9/2017 0:00,1431.309938,1692.826693,36.3250476
110,JKSN HT-ROOSVLT,8/9/2017 4:00,844.7026477,1130.234053,19.65875675
111,JKSN HT-ROOSVLT,8/9/2017 8:00,2010.30712,885.3375372,34.19112583
112,JKSN HT-ROOSVLT,8/9/2017 12:00,2691.174316,1168.512847,46.26954619
113,JKSN HT-ROOSVLT,8/9/2017 16:00,2070.317249,1690.799711,45.32923848
114,JKSN HT-ROOSVLT,8/9/2017 20:00,2120.85691,2567.684233,56.57204798
115,JKSN HT-ROOSVLT,8/10/2017 0:00,1520.362697,1666.084967,36.33202215
116,JKSN HT-ROOSVLT,8/10/2017 4:00,995.9705803,1161.839948,20.88815333
117,JKSN HT-ROOSVLT,8/10/2017 8:00,2028.385886,942.3421461,34.35402432
118,JKSN HT-ROOSVLT,8/10/2017 12:00,2626.083511,1196.148772,45.5306084
119,JKSN HT-ROOSVLT,8/10/2017 16:00,2088.519062,1664.268208,44.66718038
120,JKSN HT-ROOSVLT,8/10/2017 20:00,2130.832475,2450.209261,55.07256059
121,JKSN HT-ROOSVLT,8/11/2017 0:00,1596.541888,1642.171381,36.33302647
122,JKSN HT-ROOSVLT,8/11/2017 4:00,1131.077576,1190.222633,22.02741962
123,JKSN HT-ROOSVLT,8/11/2017 8:00,2054.83951,993.4893925,34.50076767
124,JKSN HT-ROOSVLT,8/11/2017 12:00,2593.668499,1220.973219,44.84724845
125,JKSN HT-ROOSVLT,8/11/2017 16:00,2103.47062,1640.543041,44.05024918
126,JKSN HT-ROOSVLT,8/11/2017 20:00,2143.209913,2344.972558,53.68341042
127,GRD CNTRL-42 ST,8/5/2017 0:00,2572.061265,1474.606846,26.70945184
128,GRD CNTRL-42 ST,8/5/2017 4:00,679.84824,378.4358187,7.530438426
129,GRD CNTRL-42 ST,8/5/2017 8:00,1374.621855,1953.202248,23.45819576
130,GRD CNTRL-42 ST,8/5/2017 12:00,3750.919555,5090.214812,68.58446292
131,GRD CNTRL-42 ST,8/5/2017 16:00,3830.379069,3276.902656,53.41379352
132,GRD CNTRL-42 ST,8/5/2017 20:00,6237.32608,3939.676022,77.67484177
133,GRD CNTRL-42 ST,8/6/2017 0:00,3209.599113,1818.170782,37.8686529
134,GRD CNTRL-42 ST,8/6/2017 4:00,1514.722316,887.2873029,18.72329224
135,GRD CNTRL-42 ST,8/6/2017 8:00,2157.983075,2171.06162,32.07660559
136,GRD CNTRL-42 ST,8/6/2017 12:00,4231.564392,4654.2077,76.23299369
137,GRD CNTRL-42 ST,8/6/2017 16:00,4309.898643,3172.695201,60.83829012
138,GRD CNTRL-42 ST,8/6/2017 20:00,6431.315888,3857.356178,82.36768491
139,GRD CNTRL-42 ST,8/7/2017 0:00,3069.399194,1867.936583,38.17745936
140,GRD CNTRL-42 ST,8/7/2017 4:00,1582.605185,1086.944089,18.51448695
141,GRD CNTRL-42 ST,8/7/2017 8:00,2145.516603,2200.520538,31.24080524
142,GRD CNTRL-42 ST,8/7/2017 12:00,3972.700324,4427.217319,73.25402408
143,GRD CNTRL-42 ST,8/7/2017 16:00,4041.994224,3132.045584,56.93531803
144,GRD CNTRL-42 ST,8/7/2017 20:00,5908.983707,3602.915762,77.92125786
145,GRD CNTRL-42 ST,8/8/2017 0:00,2936.483804,1905.239819,37.79885194
146,GRD CNTRL-42 ST,8/8/2017 4:00,1626.636342,1244.070994,17.95535912
147,GRD CNTRL-42 ST,8/8/2017 8:00,2122.522746,2158.877929,31.1152026
148,GRD CNTRL-42 ST,8/8/2017 12:00,3731.534195,3926.35605,69.6602938
149,GRD CNTRL-42 ST,8/8/2017 16:00,3792.359347,2871.539371,53.42018685
150,GRD CNTRL-42 ST,8/8/2017 20:00,5436.533889,3359.181221,74.21566304
151,GRD CNTRL-42 ST,8/9/2017 0:00,2805.835581,1932.31608,36.61046379
152,GRD CNTRL-42 ST,8/9/2017 4:00,1652.47522,1376.218556,17.67144571
153,GRD CNTRL-42 ST,8/9/2017 8:00,2089.147477,2169.209632,31.13742328
154,GRD CNTRL-42 ST,8/9/2017 12:00,3505.939658,3755.160756,65.62743866
155,GRD CNTRL-42 ST,8/9/2017 16:00,3559.532855,2832.903847,50.52295118
156,GRD CNTRL-42 ST,8/9/2017 20:00,5007.303976,3167.727301,70.70939279
157,GRD CNTRL-42 ST,8/10/2017 0:00,2677.69933,1948.6721,34.94293357
158,GRD CNTRL-42 ST,8/10/2017 4:00,1662.101944,1477.918005,17.79880197
159,GRD CNTRL-42 ST,8/10/2017 8:00,2046.610505,2129.118093,30.8627447
160,GRD CNTRL-42 ST,8/10/2017 12:00,3294.184024,3387.041684,61.52682588
161,GRD CNTRL-42 ST,8/10/2017 16:00,3341.372439,2636.202134,48.21582135
162,GRD CNTRL-42 ST,8/10/2017 20:00,4616.2197,2983.764456,67.06478262
163,GRD CNTRL-42 ST,8/11/2017 0:00,2551.740138,1957.626363,33.19844914
164,GRD CNTRL-42 ST,8/11/2017 4:00,1657.446611,1561.710806,18.1746086
165,GRD CNTRL-42 ST,8/11/2017 8:00,1996.029741,2126.383463,30.13148089
166,GRD CNTRL-42 ST,8/11/2017 12:00,3094.589834,3255.922757,57.70043897
167,GRD CNTRL-42 ST,8/11/2017 16:00,3136.142123,2599.170395,46.22772116
168,GRD CNTRL-42 ST,8/11/2017 20:00,4258.71907,2837.236846,63.238854
169,96 ST,8/5/2017 1:00,1021.038899,1023.886611,17.21876711
170,96 ST,8/5/2017 5:00,348.5919651,216.6025636,4.77027462
171,96 ST,8/5/2017 9:00,2346.558162,1283.214192,32.08486859
172,96 ST,8/5/2017 13:00,2708.899872,1592.957572,37.33914857
173,96 ST,8/5/2017 17:00,3028.281273,2004.867034,42.94335661
174,96 ST,8/5/2017 21:00,2843.671095,2416.65386,45.28112334
175,96 ST,8/6/2017 1:00,1142.22261,1217.618198,20.8279129
176,96 ST,8/6/2017 5:00,568.1669051,472.7033508,9.741949377
177,96 ST,8/6/2017 9:00,2346.97084,1475.147743,34.43726909
178,96 ST,8/6/2017 13:00,2696.813037,1754.742353,39.26382581
179,96 ST,8/6/2017 17:00,2967.449781,2142.910044,44.42476956
180,96 ST,8/6/2017 21:00,2815.221789,2496.789643,46.33397735
181,96 ST,8/7/2017 1:00,1210.122195,1211.476796,21.37972399
182,96 ST,8/7/2017 5:00,701.1117034,528.766391,11.40215588
183,96 ST,8/7/2017 9:00,2300.944084,1448.850878,33.72538543
184,96 ST,8/7/2017 13:00,2623.83551,1711.354617,38.14630865
185,96 ST,8/7/2017 17:00,2863.013675,2067.022384,42.77190194
186,96 ST,8/7/2017 21:00,2729.916555,2400.802896,44.56860275
187,96 ST,8/8/2017 1:00,1274.54359,1208.368116,21.87880066
188,96 ST,8/8/2017 5:00,817.2546987,578.1152155,12.84519205
189,96 ST,8/8/2017 9:00,2261.210403,1428.267313,33.07054607
190,96 ST,8/8/2017 13:00,2554.940697,1670.361639,37.08033867
191,96 ST,8/8/2017 17:00,2769.695811,1999.040974,41.2726457
192,96 ST,8/8/2017 21:00,2650.522255,2306.144919,42.89657136
193,96 ST,8/9/2017 1:00,1333.071299,1203.56507,22.2940904
194,96 ST,8/9/2017 5:00,920.5677416,621.8994949,14.11014291
195,96 ST,8/9/2017 9:00,2225.108962,1406.567782,32.43658333
196,96 ST,8/9/2017 13:00,2491.248596,1630.252734,36.07186044
197,96 ST,8/9/2017 17:00,2684.84624,1933.590598,39.86935535
198,96 ST,8/9/2017 21:00,2577.586087,2217.402114,41.34288417
199,96 ST,8/10/2017 1:00,1385.49496,1197.061836,22.62989441
200,96 ST,8/10/2017 5:00,1012.823955,660.0525403,15.21386655
201,96 ST,8/10/2017 9:00,2191.954154,1384.510154,31.82123284
202,96 ST,8/10/2017 13:00,2432.659778,1591.0128,35.11571383
203,96 ST,8/10/2017 17:00,2607.595611,1871.076099,38.55699129
204,96 ST,8/10/2017 21:00,2510.667855,2133.057478,39.89224911
205,96 ST,8/11/2017 1:00,1432.152598,1188.808294,22.89257139
206,96 ST,8/11/2017 5:00,1095.357442,693.0330932,16.17219103
207,96 ST,8/11/2017 9:00,2161.161054,1361.865715,31.22185497
208,96 ST,8/11/2017 13:00,2378.833429,1552.522364,34.20739545
209,96 ST,8/11/2017 17:00,2536.885015,1811.080966,37.32585725
210,96 ST,8/11/2017 21:00,2449.354651,2052.96158,38.5359362
211,34 ST-PENN STA,8/5/2017 2:00,586.7693397,560.2812821,18.98784531
212,34 ST-PENN STA,8/5/2017 6:00,258.4072417,264.7899719,9.715430228
213,34 ST-PENN STA,8/5/2017 10:00,3447.561264,1417.245827,62.83043708
214,34 ST-PENN STA,8/5/2017 14:00,1690.496602,1585.761467,43.07398294
215,34 ST-PENN STA,8/5/2017 18:00,2366.908424,3255.435274,69.08592213
216,34 ST-PENN STA,8/5/2017 22:00,1768.696447,1752.374383,44.87904693
217,34 ST-PENN STA,8/6/2017 2:00,640.8195201,705.2077376,23.86938341
218,34 ST-PENN STA,8/6/2017 6:00,435.9751506,500.8152742,17.26862502
219,34 ST-PENN STA,8/6/2017 10:00,2801.816691,1510.286456,61.06787337
220,34 ST-PENN STA,8/6/2017 14:00,1556.516351,1687.994388,45.27344074
221,34 ST-PENN STA,8/6/2017 18:00,2094.768066,3201.277292,66.48253125
222,34 ST-PENN STA,8/6/2017 22:00,1700.039732,1826.295633,46.6838992
223,34 ST-PENN STA,8/7/2017 2:00,899.2153824,745.2575617,25.52972358
224,34 ST-PENN STA,8/7/2017 6:00,791.0379506,556.8109097,20.41661438
225,34 ST-PENN STA,8/7/2017 10:00,2573.407346,1476.548667,57.00309778
226,34 ST-PENN STA,8/7/2017 14:00,1693.433622,1636.287189,44.0001246
227,34 ST-PENN STA,8/7/2017 18:00,2123.46029,3012.400437,61.62431533
228,34 ST-PENN STA,8/7/2017 22:00,1862.396006,1763.178555,45.14841077
229,34 ST-PENN STA,8/8/2017 2:00,1297.167703,778.4596383,27.01302586
230,34 ST-PENN STA,8/8/2017 6:00,1238.123623,607.0002429,22.86838912
231,34 ST-PENN STA,8/8/2017 10:00,2566.785023,1443.377438,53.6096827
232,34 ST-PENN STA,8/8/2017 14:00,1929.634592,1588.467991,42.75617367
233,34 ST-PENN STA,8/8/2017 18:00,2252.616055,2839.83333,57.52976381
234,34 ST-PENN STA,8/8/2017 22:00,2061.963341,1703.761099,43.70969259
235,34 ST-PENN STA,8/9/2017 2:00,1642.302728,806.7881049,28.24960336
236,34 ST-PENN STA,8/9/2017 6:00,1592.070643,650.8102254,24.81497296
237,34 ST-PENN STA,8/9/2017 10:00,2560.338431,1411.263629,50.71294892
238,34 ST-PENN STA,8/9/2017 14:00,2077.466581,1543.145564,41.59652435
239,34 ST-PENN STA,8/9/2017 18:00,2299.087488,2680.837529,54.02939713
240,34 ST-PENN STA,8/9/2017 22:00,2140.188177,1647.987075,42.39556042
241,34 ST-PENN STA,8/10/2017 2:00,1810.323875,830.6173085,29.24147787
242,34 ST-PENN STA,8/10/2017 6:00,1752.045617,688.8166569,26.36597211
243,34 ST-PENN STA,8/10/2017 10:00,2443.340458,1380.187121,48.20928503
244,34 ST-PENN STA,8/10/2017 14:00,2065.659622,1500.094101,40.53032272
245,34 ST-PENN STA,8/10/2017 18:00,2207.240122,2534.440902,51.01174462
246,34 ST-PENN STA,8/10/2017 22:00,2069.335611,1595.409593,41.20266309
247,34 ST-PENN STA,8/11/2017 2:00,1806.072791,850.4244497,30.01313682
248,34 ST-PENN STA,8/11/2017 6:00,1744.996894,721.5046403,27.5945796
249,34 ST-PENN STA,8/11/2017 10:00,2237.849247,1350.07319,46.02763769
250,34 ST-PENN STA,8/11/2017 14:00,1945.383503,1459.088366,39.55135201
251,34 ST-PENN STA,8/11/2017 18:00,2037.615306,2399.478339,48.39453247
252,34 ST-PENN STA,8/11/2017 22:00,1926.333435,1545.745889,40.11812611
253,50 ST,8/5/2017 0:00,2296.370794,1077.675176,22.72295755
254,50 ST,8/5/2017 4:00,554.466912,410.9377991,5.987292757
255,50 ST,8/5/2017 8:00,578.9293045,1234.916282,11.74756513
256,50 ST,8/5/2017 12:00,1901.009702,2691.661128,32.71710739
257,50 ST,8/5/2017 16:00,2551.830666,1742.324169,28.56832641
258,50 ST,8/5/2017 20:00,4301.935569,2211.570025,45.31875508
259,50 ST,8/6/2017 0:00,2381.372535,1141.884756,26.72325823
260,50 ST,8/6/2017 4:00,870.6264398,614.1913303,11.46715758
261,50 ST,8/6/2017 8:00,888.3350909,1227.740234,16.70024637
262,50 ST,8/6/2017 12:00,2036.527215,2388.720692,35.80421287
263,50 ST,8/6/2017 16:00,2580.571555,1593.832603,32.02342081
264,50 ST,8/6/2017 20:00,4080.430831,2007.335443,47.29234954
265,50 ST,8/7/2017 0:00,2292.326622,1194.204246,25.81094539
266,50 ST,8/7/2017 4:00,974.5175465,781.39596,11.90626905
267,50 ST,8/7/2017 8:00,983.8685934,1274.95915,16.67543605
268,50 ST,8/7/2017 12:00,1998.826387,2179.604377,34.08687808
269,50 ST,8/7/2017 16:00,2482.88839,1572.752097,30.64102843
270,50 ST,8/7/2017 20:00,3815.611551,1880.793722,44.55736938
271,50 ST,8/8/2017 0:00,2211.471915,1247.065079,24.91687005
272,50 ST,8/8/2017 4:00,1060.450962,922.2229809,12.24397145
273,50 ST,8/8/2017 8:00,1069.56611,1305.891134,16.59064349
274,50 ST,8/8/2017 12:00,1952.954471,2019.789283,32.45964763
275,50 ST,8/8/2017 16:00,2369.950396,1535.926731,29.31905723
276,50 ST,8/8/2017 20:00,3524.847478,1784.429534,42.00258622
277,50 ST,8/9/2017 0:00,2138.286976,1286.22649,24.0398898
278,50 ST,8/9/2017 4:00,1132.063259,1031.098873,12.4896507
279,50 ST,8/9/2017 8:00,1138.779543,1334.273254,16.4512621
280,50 ST,8/9/2017 12:00,1914.050829,1894.246053,30.91447186
281,50 ST,8/9/2017 16:00,2281.631396,1516.60205,28.0520983
282,50 ST,8/9/2017 20:00,3297.609492,1709.459349,39.61202605
283,50 ST,8/10/2017 0:00,2070.72088,1319.859275,23.1784999
284,50 ST,8/10/2017 4:00,1191.050746,1119.278809,12.65146682
285,50 ST,8/10/2017 8:00,1197.395644,1356.928502,16.26212923
286,50 ST,8/10/2017 12:00,1873.883708,1797.448993,29.44408037
287,50 ST,8/10/2017 16:00,2193.502746,1499.641878,26.83527714
288,50 ST,8/10/2017 20:00,3078.575058,1652.148197,37.37114057
289,50 ST,8/11/2017 0:00,2008.426588,1347.109373,22.33131941
290,50 ST,8/11/2017 4:00,1239.254158,1189.492941,12.73684916
291,50 ST,8/11/2017 8:00,1244.474879,1376.506804,16.02765226
292,50 ST,8/11/2017 12:00,1836.809411,1722.564235,28.0418482
293,50 ST,8/11/2017 16:00,2117.221805,1488.892431,25.66415215
294,50 ST,8/11/2017 20:00,2892.96275,1608.395417,35.26667049
295,FULTON ST,8/5/2017 1:00,1165.384632,569.6762747,8.948292655
296,FULTON ST,8/5/2017 5:00,108.7771517,427.4672088,1.570445672
297,FULTON ST,8/5/2017 9:00,1458.775207,2849.109108,21.20862271
298,FULTON ST,8/5/2017 13:00,2061.427423,2635.758868,24.32218669
299,FULTON ST,8/5/2017 17:00,4136.931326,1996.818374,29.44551115
300,FULTON ST,8/5/2017 21:00,5018.564408,1960.431003,35.50844762
301,FULTON ST,8/6/2017 1:00,2079.209776,787.4734961,17.49953853
302,FULTON ST,8/6/2017 5:00,1229.388977,720.643561,11.04520569
303,FULTON ST,8/6/2017 9:00,2367.409864,2482.141458,29.27665905
304,FULTON ST,8/6/2017 13:00,2935.214571,2404.821306,31.77292939
305,FULTON ST,8/6/2017 17:00,4732.452211,1877.824292,36.56338031
306,FULTON ST,8/6/2017 21:00,5525.331878,1827.548992,41.94787078
307,FULTON ST,8/7/2017 1:00,1986.365384,966.5923121,16.5740776
308,FULTON ST,8/7/2017 5:00,1250.468313,896.7463866,10.68071965
309,FULTON ST,8/7/2017 9:00,2242.952671,2258.101266,27.2320057
310,FULTON ST,8/7/2017 13:00,2745.793587,2158.85606,29.48204987
311,FULTON ST,8/7/2017 17:00,4319.524757,1783.118807,33.83233699
312,FULTON ST,8/7/2017 21:00,5017.408971,1756.34828,38.71080427
313,FULTON ST,8/8/2017 1:00,1892.810995,1090.711531,15.56936192
314,FULTON ST,8/8/2017 5:00,1248.387895,1047.505575,10.22285769
315,FULTON ST,8/8/2017 9:00,2118.335859,2059.062876,25.23423827
316,FULTON ST,8/8/2017 13:00,2560.017703,2004.182665,27.27426089
317,FULTON ST,8/8/2017 17:00,3940.225778,1709.920354,31.21985515
318,FULTON ST,8/8/2017 21:00,4552.723843,1684.255802,35.64403554
319,FULTON ST,8/9/2017 1:00,1792.895157,1189.26223,14.52528713
320,FULTON ST,8/9/2017 5:00,1227.709196,1152.011317,9.676355147
321,FULTON ST,8/9/2017 9:00,1990.787428,1923.022445,23.29052507
322,FULTON ST,8/9/2017 13:00,2378.321238,1871.819926,25.14064019
323,FULTON ST,8/9/2017 17:00,3589.070387,1655.020167,28.71899326
324,FULTON ST,8/9/2017 21:00,4126.41922,1638.326758,32.7313688
325,FULTON ST,8/10/2017 1:00,1686.738906,1260.722881,13.44697159
326,FULTON ST,8/10/2017 5:00,1190.943972,1234.887285,9.049367736
327,FULTON ST,8/10/2017 9:00,1860.346298,1812.928775,21.39635237
328,FULTON ST,8/10/2017 13:00,2200.31954,1779.081144,23.07426049
329,FULTON ST,8/10/2017 17:00,3262.447869,1612.915534,26.31954622
330,FULTON ST,8/10/2017 21:00,3733.842756,1599.010918,29.95845555
331,FULTON ST,8/11/2017 1:00,1575.032188,1315.555636,12.33766808
332,FULTON ST,8/11/2017 5:00,1140.096458,1294.947609,8.349386385
333,FULTON ST,8/11/2017 9:00,1727.33049,1732.978126,19.54713246
334,FULTON ST,8/11/2017 13:00,2025.574039,1705.093352,21.06886339
335,FULTON ST,8/11/2017 17:00,2957.328833,1580.961681,24.01208286
336,FULTON ST,8/11/2017 21:00,3370.86195,1571.109105,27.31228801
337,145 ST,8/5/2017 0:00,979.5668884,1566.093543,36.83383687
338,145 ST,8/5/2017 4:00,216.7935344,378.417223,10.62624471
339,145 ST,8/5/2017 8:00,1432.800966,430.6939538,20.95912027
340,145 ST,8/5/2017 12:00,2591.470915,910.333591,46.22116591
341,145 ST,8/5/2017 16:00,1684.806793,1243.970759,40.73194016
342,145 ST,8/5/2017 20:00,1876.301922,2159.161556,51.0182236
343,145 ST,8/6/2017 0:00,974.8255715,1584.031477,35.1995433
344,145 ST,8/6/2017 4:00,260.5569827,505.5157384,15.5660129
345,145 ST,8/6/2017 8:00,1360.526099,553.0556966,24.52722751
346,145 ST,8/6/2017 12:00,2323.592129,988.6922843,44.10594097
347,145 ST,8/6/2017 16:00,1659.742324,1291.71547,41.44021559
348,145 ST,8/6/2017 20:00,1696.758646,2122.890625,52.9619472
349,145 ST,8/7/2017 0:00,1020.251856,1533.259282,34.25119056
350,145 ST,8/7/2017 4:00,362.3961536,553.7664193,15.23899123
351,145 ST,8/7/2017 8:00,1372.827062,596.9430801,26.16519783
352,145 ST,8/7/2017 12:00,2257.07439,992.5839512,43.87981485
353,145 ST,8/7/2017 16:00,1596.575259,1267.786509,39.1074348
354,145 ST,8/7/2017 20:00,1688.878649,2022.650396,50.8816743
355,145 ST,8/8/2017 0:00,1068.465993,1486.195894,35.19413619
356,145 ST,8/8/2017 4:00,475.2380095,596.6318528,16.10263761
357,145 ST,8/8/2017 8:00,1379.525683,635.8444294,25.48949736
358,145 ST,8/8/2017 12:00,2153.53891,995.1609147,43.4565839
359,145 ST,8/8/2017 16:00,1604.306438,1245.096708,38.94362826
360,145 ST,8/8/2017 20:00,1647.710578,1930.655373,48.3050616
361,145 ST,8/9/2017 0:00,1105.453956,1442.495354,34.60451712
362,145 ST,8/9/2017 4:00,570.019924,634.6035699,18.0492413
363,145 ST,8/9/2017 8:00,1387.064977,670.2159796,25.63410211
364,145 ST,8/9/2017 12:00,2089.837221,996.5430607,41.70072346
365,145 ST,8/9/2017 16:00,1574.880284,1223.531861,38.63841975
366,145 ST,8/9/2017 20:00,1633.800697,1846.14832,47.15931438
367,145 ST,8/10/2017 0:00,1142.730154,1401.848789,33.64450574
368,145 ST,8/10/2017 4:00,662.1036691,668.1308047,18.89173047
369,145 ST,8/10/2017 8:00,1393.934363,700.4735838,26.47854351
370,145 ST,8/10/2017 12:00,2019.152182,996.8400688,40.5790332
371,145 ST,8/10/2017 16:00,1570.217734,1202.988674,37.48675288
372,145 ST,8/10/2017 20:00,1611.039436,1768.44175,45.99238976
373,145 ST,8/11/2017 0:00,1175.389448,1363.975807,33.53246055
374,145 ST,8/11/2017 4:00,743.339992,697.6216107,19.40439575
375,145 ST,8/11/2017 8:00,1401.69335,726.9949491,26.64125609
376,145 ST,8/11/2017 12:00,1965.688657,996.1515667,39.98649617
377,145 ST,8/11/2017 16:00,1555.543713,1183.373349,36.74233527
378,145 ST,8/11/2017 20:00,1598.682567,1696.911299,44.36373024
379,116 ST,8/5/2017 1:00,774.8040888,511.5973766,13.84600037
380,116 ST,8/5/2017 5:00,346.7930434,149.076111,5.116000034
381,116 ST,8/5/2017 9:00,1730.592291,512.9476543,26.16341431
382,116 ST,8/5/2017 13:00,1648.416578,672.7514866,27.37573552
383,116 ST,8/5/2017 17:00,1896.36682,990.1511354,33.5648163
384,116 ST,8/5/2017 21:00,1866.665415,1079.342552,34.08831447
385,116 ST,8/6/2017 1:00,797.1124697,523.8982014,13.8827791
386,116 ST,8/6/2017 5:00,447.814559,181.1514505,6.285177061
387,116 ST,8/6/2017 9:00,1603.919383,521.3787707,24.95933434
388,116 ST,8/6/2017 13:00,1517.20026,675.3236258,25.96452879
389,116 ST,8/6/2017 17:00,1711.241429,970.9911742,31.20420757
390,116 ST,8/6/2017 21:00,1680.101631,1053.082979,31.5992532
391,116 ST,8/7/2017 1:00,870.1833781,528.7624055,14.79078937
392,116 ST,8/7/2017 5:00,582.4234399,207.7539509,7.869090322
393,116 ST,8/7/2017 9:00,1561.913194,525.1175365,24.60491753
394,116 ST,8/7/2017 13:00,1491.956354,669.352989,25.55268445
395,116 ST,8/7/2017 17:00,1655.091075,944.7800005,30.42554565
396,116 ST,8/7/2017 21:00,1626.656139,1021.626787,30.82594726
397,116 ST,8/8/2017 1:00,944.5930959,532.0246929,15.67611544
398,116 ST,8/8/2017 5:00,700.8674915,231.9290439,9.590258092
399,116 ST,8/8/2017 9:00,1525.450924,528.4936362,24.4906601
400,116 ST,8/8/2017 13:00,1467.284755,663.2784431,25.301185
401,116 ST,8/8/2017 17:00,1605.592049,920.4409564,29.51654624
402,116 ST,8/8/2017 21:00,1582.291457,992.2749304,29.84052526
403,116 ST,8/9/2017 1:00,1010.458734,534.9371977,16.44061501
404,116 ST,8/9/2017 5:00,805.0140015,254.6192432,10.94037383
405,116 ST,8/9/2017 9:00,1498.947617,531.6320784,24.27520441
406,116 ST,8/9/2017 13:00,1449.694854,657.5107613,25.02384494
407,116 ST,8/9/2017 17:00,1566.053569,897.6772037,28.88246106
408,116 ST,8/9/2017 21:00,1546.498023,964.7844458,29.19514673
409,116 ST,8/10/2017 1:00,1067.462485,537.5626146,17.17007389
410,116 ST,8/10/2017 5:00,894.5952705,275.7466585,12.30500637
411,116 ST,8/10/2017 9:00,1478.934975,534.4778232,24.1907726
412,116 ST,8/10/2017 13:00,1437.450724,652.0421671,24.84184962
413,116 ST,8/10/2017 17:00,1535.376074,876.3518121,28.22115818
414,116 ST,8/10/2017 21:00,1518.862942,939.0312346,28.48402409
415,116 ST,8/11/2017 1:00,1117.803162,539.9416967,17.81755766
416,116 ST,8/11/2017 5:00,972.2505623,295.4117302,13.44128328
417,116 ST,8/11/2017 9:00,1464.278277,537.0618591,24.06887039
418,116 ST,8/11/2017 13:00,1429.367647,646.8633489,24.66236149
419,116 ST,8/11/2017 17:00,1511.83187,856.3638094,27.72590308
420,116 ST,8/11/2017 21:00,1497.929476,914.9053305,27.97201914
421,ATL AV-BARCLAY,8/5/2017 0:00,1409.671503,1165.152765,14.1419729
422,ATL AV-BARCLAY,8/5/2017 4:00,438.6842738,339.5366062,3.775488304
423,ATL AV-BARCLAY,8/5/2017 8:00,684.5586437,585.1825611,6.496485269
424,ATL AV-BARCLAY,8/5/2017 12:00,1745.852816,1294.238218,16.15770992
425,ATL AV-BARCLAY,8/5/2017 16:00,1830.37004,2212.965377,20.32114039
426,ATL AV-BARCLAY,8/5/2017 20:00,2632.562383,3597.053873,32.63553162
427,ATL AV-BARCLAY,8/6/2017 0:00,1527.309028,1222.72986,15.2419995
428,ATL AV-BARCLAY,8/6/2017 4:00,695.9816762,462.0988283,6.117522838
429,ATL AV-BARCLAY,8/6/2017 8:00,906.7259653,689.0348946,8.601282286
430,ATL AV-BARCLAY,8/6/2017 12:00,1815.545698,1341.25374,17.46842162
431,ATL AV-BARCLAY,8/6/2017 16:00,1888.869306,2187.444007,21.53636636
432,ATL AV-BARCLAY,8/6/2017 20:00,2576.198835,3461.144913,32.65668409
433,ATL AV-BARCLAY,8/7/2017 0:00,1507.583083,1235.603058,15.16660841
434,ATL AV-BARCLAY,8/7/2017 4:00,797.2362185,535.1571957,6.73005072
435,ATL AV-BARCLAY,8/7/2017 8:00,978.3116222,744.2992801,9.00452561
436,ATL AV-BARCLAY,8/7/2017 12:00,1756.51248,1344.466698,17.11382882
437,ATL AV-BARCLAY,8/7/2017 16:00,1819.830293,2123.572854,20.7762714
438,ATL AV-BARCLAY,8/7/2017 20:00,2408.366484,3295.874436,30.9889362
439,ATL AV-BARCLAY,8/8/2017 0:00,1491.64634,1246.881502,14.93851677
440,ATL AV-BARCLAY,8/8/2017 4:00,884.2943004,602.0009073,7.237387973
441,ATL AV-BARCLAY,8/8/2017 8:00,1039.52635,794.6155605,9.3187022
442,ATL AV-BARCLAY,8/8/2017 12:00,1705.570455,1346.992335,16.74185786
443,ATL AV-BARCLAY,8/8/2017 16:00,1759.971139,2064.239165,20.10801205
444,ATL AV-BARCLAY,8/8/2017 20:00,2263.677682,3143.293138,29.44651009
445,ATL AV-BARCLAY,8/9/2017 0:00,1476.642689,1256.736183,14.74028754
446,ATL AV-BARCLAY,8/9/2017 4:00,957.1775924,663.0716389,7.68737857
447,ATL AV-BARCLAY,8/9/2017 8:00,1090.104651,840.4143794,9.592299913
448,ATL AV-BARCLAY,8/9/2017 12:00,1660.028555,1348.849328,16.3857425
449,ATL AV-BARCLAY,8/9/2017 16:00,1706.658049,2009.111087,19.46314748
450,ATL AV-BARCLAY,8/9/2017 20:00,2137.668951,3002.366539,28.01181341
451,ATL AV-BARCLAY,8/10/2017 0:00,1461.480001,1265.301895,14.52956777
452,ATL AV-BARCLAY,8/10/2017 4:00,1017.116639,718.8094302,8.075759967
453,ATL AV-BARCLAY,8/10/2017 8:00,1130.886021,882.0708708,9.819152786
454,ATL AV-BARCLAY,8/10/2017 12:00,1618.512274,1350.076974,16.03668278
455,ATL AV-BARCLAY,8/10/2017 16:00,1658.4388,1957.866174,18.85395235
456,ATL AV-BARCLAY,8/10/2017 20:00,2027.21002,2872.158005,26.67735213
457,ATL AV-BARCLAY,8/11/2017 0:00,1445.813621,1272.689852,14.31677589
458,ATL AV-BARCLAY,8/11/2017 4:00,1065.668359,769.6306726,8.409901028
459,ATL AV-BARCLAY,8/11/2017 8:00,1163.019115,919.9207657,10.0054822
460,ATL AV-BARCLAY,8/11/2017 12:00,1580.212877,1350.71975,15.69583286
461,ATL AV-BARCLAY,8/11/2017 16:00,1614.384024,1910.200517,18.27405196
462,ATL AV-BARCLAY,8/11/2017 20:00,1929.889647,2751.811466,25.4342424
463,W 4 ST-WASH SQ,8/5/2017 1:00,1890.772425,811.1039866,37.49514171
464,W 4 ST-WASH SQ,8/5/2017 5:00,352.5781647,244.826745,8.919893136
465,W 4 ST-WASH SQ,8/5/2017 9:00,865.1425346,1412.362781,32.29753543
466,W 4 ST-WASH SQ,8/5/2017 13:00,1290.243299,2149.427549,45.76024881
467,W 4 ST-WASH SQ,8/5/2017 17:00,2322.494634,2087.011166,58.23720257
468,W 4 ST-WASH SQ,8/5/2017 21:00,2918.861064,2573.572092,71.8634012
469,W 4 ST-WASH SQ,8/6/2017 1:00,2035.338152,806.4954217,37.07862401
470,W 4 ST-WASH SQ,8/6/2017 5:00,588.6744628,289.7635265,11.09041214
471,W 4 ST-WASH SQ,8/6/2017 9:00,1072.43329,1365.783219,32.25640662
472,W 4 ST-WASH SQ,8/6/2017 13:00,1470.566074,2044.629703,44.59150054
473,W 4 ST-WASH SQ,8/6/2017 17:00,2442.307803,1987.257314,56.02251698
474,W 4 ST-WASH SQ,8/6/2017 21:00,3002.47697,2435.195297,68.23693163
475,W 4 ST-WASH SQ,8/7/2017 1:00,1985.554252,865.5426464,37.44569728
476,W 4 ST-WASH SQ,8/7/2017 5:00,625.1960206,389.8547566,13.90271522
477,W 4 ST-WASH SQ,8/7/2017 9:00,1080.073088,1380.410068,33.08593906
478,W 4 ST-WASH SQ,8/7/2017 13:00,1454.462436,2005.338053,44.22116871
479,W 4 ST-WASH SQ,8/7/2017 17:00,2368.156763,1952.522602,54.56262846
480,W 4 ST-WASH SQ,8/7/2017 21:00,2894.897703,2364.882306,65.63360718
481,W 4 ST-WASH SQ,8/8/2017 1:00,1937.009882,920.5969646,37.76495676
482,W 4 ST-WASH SQ,8/8/2017 5:00,657.884047,482.6914496,16.442503
483,W 4 ST-WASH SQ,8/8/2017 9:00,1085.599088,1394.570107,33.81463321
484,W 4 ST-WASH SQ,8/8/2017 13:00,1437.633878,1969.862053,43.9007343
485,W 4 ST-WASH SQ,8/8/2017 17:00,2296.771903,1921.241565,53.2686617
486,W 4 ST-WASH SQ,8/8/2017 21:00,2792.060721,2300.84885,63.29115502
487,W 4 ST-WASH SQ,8/9/2017 1:00,1889.692814,971.9732905,38.06531182
488,W 4 ST-WASH SQ,8/9/2017 5:00,686.9436203,568.8492161,18.75636428
489,W 4 ST-WASH SQ,8/9/2017 9:00,1089.119839,1408.300256,34.48821283
490,W 4 ST-WASH SQ,8/9/2017 13:00,1420.134566,1937.898594,43.62089328
491,W 4 ST-WASH SQ,8/9/2017 17:00,2227.973349,1893.139877,52.10391059
492,W 4 ST-WASH SQ,8/9/2017 21:00,2693.688413,2242.596164,61.17996663
493,W 4 ST-WASH SQ,8/10/2017 1:00,1843.524957,1019.963755,38.34704547
494,W 4 ST-WASH SQ,8/10/2017 5:00,712.5920965,648.8585415,20.86168593
495,W 4 ST-WASH SQ,8/10/2017 9:00,1090.754314,1421.634658,35.10773975
496,W 4 ST-WASH SQ,8/10/2017 13:00,1402.004107,1909.168688,43.3778987
497,W 4 ST-WASH SQ,8/10/2017 17:00,2161.606722,1867.965012,51.05979639
498,W 4 ST-WASH SQ,8/10/2017 21:00,2599.513872,2189.6651,59.27857303
499,W 4 ST-WASH SQ,8/11/2017 1:00,1798.437736,1064.837285,38.61245662
500,W 4 ST-WASH SQ,8/11/2017 5:00,735.0330386,723.2077772,22.77853187
501,W 4 ST-WASH SQ,8/11/2017 9:00,1090.615137,1434.604748,35.67909641
502,W 4 ST-WASH SQ,8/11/2017 13:00,1383.28016,1883.415502,43.16813995
503,W 4 ST-WASH SQ,8/11/2017 17:00,2097.526794,1845.484503,50.12450167
504,W 4 ST-WASH SQ,8/11/2017 21:00,2509.286446,2141.632977,57.56703751
505,14 ST,8/5/2017 0:00,1795.554977,833.4021712,18.75932811
506,14 ST,8/5/2017 4:00,340.9332614,201.622822,4.468160489
507,14 ST,8/5/2017 8:00,358.197992,669.8187284,8.359630307
508,14 ST,8/5/2017 12:00,1308.245466,2049.174324,26.11258319
509,14 ST,8/5/2017 16:00,1765.416036,1617.357618,25.43356798
510,14 ST,8/5/2017 20:00,3051.825049,2002.313756,38.38833848
511,14 ST,8/6/2017 0:00,1903.851684,966.6159419,19.30659425
512,14 ST,8/6/2017 4:00,587.2462894,422.3782624,6.548712306
513,14 ST,8/6/2017 8:00,603.289395,818.5082722,10.01777015
514,14 ST,8/6/2017 12:00,1463.944925,2027.968802,25.85597985
515,14 ST,8/6/2017 16:00,1877.92799,1643.875453,25.24962954
516,14 ST,8/6/2017 20:00,3043.218576,1979.083011,36.80785448
517,14 ST,8/7/2017 0:00,1831.116755,977.5924794,19.18027505
518,14 ST,8/7/2017 4:00,638.2832867,495.0434252,7.797459378
519,14 ST,8/7/2017 8:00,652.8293884,850.8596297,10.8925896
520,14 ST,8/7/2017 12:00,1432.580925,1909.684824,25.02367541
521,14 ST,8/7/2017 16:00,1807.652327,1576.853238,24.48267756
522,14 ST,8/7/2017 20:00,2863.384006,1871.773943,34.79510119
523,14 ST,8/8/2017 0:00,1762.735844,982.164326,19.05728419
524,14 ST,8/8/2017 4:00,682.0549598,563.0652568,8.901361986
525,14 ST,8/8/2017 8:00,695.2319624,869.2526948,11.66288436
526,14 ST,8/8/2017 12:00,1401.667977,1797.248017,24.27085491
527,14 ST,8/8/2017 16:00,1741.473695,1503.392471,23.78816834
528,14 ST,8/8/2017 20:00,2697.942241,1760.954449,32.9890702
529,14 ST,8/9/2017 0:00,1698.268031,985.7771513,18.9373286
530,14 ST,8/9/2017 4:00,719.1962098,616.3600188,9.876059695
531,14 ST,8/9/2017 8:00,731.1343299,888.0491868,12.33993213
532,14 ST,8/9/2017 12:00,1371.149067,1700.724734,23.58895602
533,14 ST,8/9/2017 16:00,1679.005197,1444.733322,23.15829569
534,14 ST,8/9/2017 20:00,2545.543608,1670.864195,31.36748085
535,14 ST,8/10/2017 0:00,1637.349333,985.632037,18.82008148
536,14 ST,8/10/2017 4:00,750.3328616,663.4397005,10.73547897
537,14 ST,8/10/2017 8:00,761.148522,899.2759746,12.93378359
538,14 ST,8/10/2017 12:00,1340.9871,1611.373187,22.9703345
539,14 ST,8/10/2017 16:00,1619.897648,1386.21832,22.58609279
540,14 ST,8/10/2017 20:00,2404.961444,1584.001671,29.91045316
541,14 ST,8/11/2017 0:00,1579.645886,984.0250988,18.7052509
542,14 ST,8/11/2017 4:00,776.0294407,700.8807845,11.49204506
543,14 ST,8/11/2017 8:00,785.8281793,908.8413692,13.45340602
544,14 ST,8/11/2017 12:00,1311.148545,1532.550176,22.40817004
545,14 ST,8/11/2017 16:00,1563.835062,1335.872645,22.06534371
546,14 ST,8/11/2017 20:00,2275.084738,1509.332782,28.6002499
547,8 AV,8/5/2017 1:00,1226.357479,859.0751273,35.51863099
548,8 AV,8/5/2017 5:00,394.2622303,141.2253412,8.769545664
549,8 AV,8/5/2017 9:00,857.1591535,892.421977,30.18824203
550,8 AV,8/5/2017 13:00,1465.087158,1601.082888,49.51982503
551,8 AV,8/5/2017 17:00,2341.641114,1648.709262,65.52837619
552,8 AV,8/5/2017 21:00,2624.075181,1947.908365,74.96252222
553,8 AV,8/6/2017 1:00,1204.515158,804.7925145,33.678989
554,8 AV,8/6/2017 5:00,439.9298188,138.728423,9.44007211
555,8 AV,8/6/2017 9:00,868.8926178,850.7515266,28.83896572
556,8 AV,8/6/2017 13:00,1429.550979,1495.978017,46.28362619
557,8 AV,8/6/2017 17:00,2243.011092,1552.130373,60.77723354
558,8 AV,8/6/2017 21:00,2502.443855,1854.067378,69.28820552
559,8 AV,8/7/2017 1:00,1225.291918,842.2350109,34.02588469
560,8 AV,8/7/2017 5:00,517.8455461,198.6256317,12.10332855
561,8 AV,8/7/2017 9:00,914.8246751,870.5011151,29.6477354
562,8 AV,8/7/2017 13:00,1433.523549,1486.910868,45.41233427
563,8 AV,8/7/2017 17:00,2185.87697,1534.897628,58.51915362
564,8 AV,8/7/2017 21:00,2426.211317,1798.417962,66.20995617
565,8 AV,8/8/2017 1:00,1245.138968,846.4861625,34.36511156
566,8 AV,8/8/2017 5:00,590.4342172,254.6609135,14.54475307
567,8 AV,8/8/2017 9:00,957.7592521,884.5620244,30.40670595
568,8 AV,8/8/2017 13:00,1437.620409,1454.285755,44.65714999
569,8 AV,8/8/2017 17:00,2133.81236,1503.877209,56.50682272
570,8 AV,8/8/2017 21:00,2355.990579,1767.069171,63.45884444
571,8 AV,8/9/2017 1:00,1263.63346,875.4407864,34.70146862
572,8 AV,8/9/2017 5:00,658.0510265,309.0302296,16.7830764
573,8 AV,8/9/2017 9:00,997.8511719,901.8549332,31.12289742
574,8 AV,8/9/2017 13:00,1441.819428,1444.314099,44.00539603
575,8 AV,8/9/2017 17:00,2085.82942,1487.365429,54.7179132
576,8 AV,8/9/2017 21:00,2291.483699,1721.891754,61.00256975
577,8 AV,8/10/2017 1:00,1281.318921,883.3429534,35.03594668
578,8 AV,8/10/2017 5:00,720.9772156,359.7305143,18.83726586
579,8 AV,8/10/2017 9:00,1035.371267,915.6697341,31.80082474
580,8 AV,8/10/2017 13:00,1446.106201,1419.289222,43.44684017
581,8 AV,8/10/2017 17:00,2041.973049,1462.585488,53.13121615
582,8 AV,8/10/2017 21:00,2232.176774,1693.079667,58.8126576
583,8 AV,8/11/2017 1:00,1297.984623,907.2087738,35.36886109
584,8 AV,8/11/2017 5:00,779.6205281,408.5966459,20.72489241
585,8 AV,8/11/2017 9:00,1070.474413,931.5212859,32.44423816
586,8 AV,8/11/2017 13:00,1450.478762,1409.32783,42.97247859
587,8 AV,8/11/2017 17:00,2001.725466,1447.697827,51.7273683
588,8 AV,8/11/2017 21:00,2177.731883,1655.985604,56.86350898
589,7 AV,8/5/2017 1:00,1156.522403,690.2120149,17.4098556
590,7 AV,8/5/2017 5:00,367.9676421,297.3479601,6.096077203
591,7 AV,8/5/2017 9:00,1375.374192,1838.411343,31.5493708
592,7 AV,8/5/2017 13:00,1853.464421,1869.573948,34.99722075
593,7 AV,8/5/2017 17:00,2363.210619,1806.27735,36.6975695
594,7 AV,8/5/2017 21:00,2542.943495,1977.417446,42.27856205
595,7 AV,8/6/2017 1:00,1239.333003,812.0917313,18.89439656
596,7 AV,8/6/2017 5:00,640.8055626,505.0494691,9.433141733
597,7 AV,8/6/2017 9:00,1449.511636,1688.233254,30.53884765
598,7 AV,8/6/2017 13:00,1888.777706,1828.502513,33.39209779
599,7 AV,8/6/2017 17:00,2186.552068,1612.130786,34.8003932
600,7 AV,8/6/2017 21:00,2400.50609,1882.272277,39.43239968
601,7 AV,8/7/2017 1:00,1278.840744,868.0647023,20.02644151
602,7 AV,8/7/2017 5:00,730.9205555,608.7879836,12.17178541
603,7 AV,8/7/2017 9:00,1446.737866,1678.402384,29.69316091
604,7 AV,8/7/2017 13:00,1796.60982,1710.252788,32.06183753
605,7 AV,8/7/2017 17:00,2143.954411,1654.824535,33.23096186
606,7 AV,8/7/2017 21:00,2281.554357,1783.153036,37.07633582
607,7 AV,8/8/2017 1:00,1277.044534,948.4150425,20.96620147
608,7 AV,8/8/2017 5:00,835.6579519,731.899536,14.44546078
609,7 AV,8/8/2017 9:00,1426.401725,1569.125675,28.99127123
610,7 AV,8/8/2017 13:00,1739.666001,1661.420538,30.95768766
611,7 AV,8/8/2017 17:00,1971.42807,1518.36361,31.92826561
612,7 AV,8/8/2017 21:00,2118.561135,1701.243421,35.12059952
613,7 AV,8/9/2017 1:00,1294.613777,988.9303823,21.7465772
614,7 AV,8/9/2017 5:00,902.3998693,806.8230522,16.33322031
615,7 AV,8/9/2017 9:00,1417.211876,1554.166117,28.40879072
616,7 AV,8/9/2017 13:00,1673.114319,1581.131822,30.04126078
617,7 AV,8/9/2017 17:00,1913.491831,1535.438883,30.84701048
618,7 AV,8/9/2017 21:00,2018.245035,1630.863514,33.49720676
619,7 AV,8/10/2017 1:00,1293.028325,1042.651989,22.39463667
620,7 AV,8/10/2017 5:00,970.7455442,890.4910685,17.90060228
621,7 AV,8/10/2017 9:00,1400.344543,1481.890138,27.92544079
622,7 AV,8/10/2017 13:00,1625.217134,1543.215974,29.28067688
623,7 AV,8/10/2017 17:00,1800.35805,1447.889546,29.94959026
624,7 AV,8/10/2017 21:00,1903.322574,1572.336453,32.14971736
625,7 AV,8/11/2017 1:00,1299.351623,1071.640844,22.93285047
626,7 AV,8/11/2017 5:00,1017.479165,943.729736,19.20201479
627,7 AV,8/11/2017 9:00,1388.588661,1466.351331,27.52438663
628,7 AV,8/11/2017 13:00,1575.005553,1488.000746,28.64946995
629,7 AV,8/11/2017 17:00,1743.912616,1451.915908,29.20478522
630,7 AV,8/11/2017 21:00,1822.097121,1522.063827,31.03127607
631,42 ST-PORT AUTH,8/4/2017 22:00,2209.070096,1576.294747,51.55670014
632,42 ST-PORT AUTH,8/5/2017 2:00,1413.634268,480.3692347,20.95127008
633,42 ST-PORT AUTH,8/5/2017 6:00,174.2417173,192.9494241,5.84873367
634,42 ST-PORT AUTH,8/5/2017 10:00,995.8731847,1641.472547,33.05536376
635,42 ST-PORT AUTH,8/5/2017 14:00,1124.919504,1388.807548,19.96318511
636,42 ST-PORT AUTH,8/5/2017 18:00,2355.849619,1779.074227,52.95006161
637,42 ST-PORT AUTH,8/5/2017 22:00,2103.672688,1365.564961,47.60667602
638,42 ST-PORT AUTH,8/6/2017 2:00,1384.771605,390.1851056,17.72803796
639,42 ST-PORT AUTH,8/6/2017 6:00,296.0962203,134.3798627,5.015752514
640,42 ST-PORT AUTH,8/6/2017 10:00,1015.021997,1423.57356,29.18896235
641,42 ST-PORT AUTH,8/6/2017 14:00,1164.463399,1198.700295,17.8407384
642,42 ST-PORT AUTH,8/6/2017 18:00,2164.236643,1546.039826,47.73792501
643,42 ST-PORT AUTH,8/6/2017 22:00,2022.903485,1353.197906,47.00314011
644,42 ST-PORT AUTH,8/7/2017 2:00,1381.586021,485.1043688,19.04693647
645,42 ST-PORT AUTH,8/7/2017 6:00,385.7655993,257.4362691,7.573121649
646,42 ST-PORT AUTH,8/7/2017 10:00,1045.603426,1404.825884,29.69699118
647,42 ST-PORT AUTH,8/7/2017 14:00,1153.101373,1204.687418,19.37551922
648,42 ST-PORT AUTH,8/7/2017 18:00,2133.474786,1513.821547,46.8718463
649,42 ST-PORT AUTH,8/7/2017 22:00,1953.991055,1345.230451,46.33515662
650,42 ST-PORT AUTH,8/8/2017 2:00,1375.347151,572.6223379,20.42860714
651,42 ST-PORT AUTH,8/8/2017 6:00,496.4654214,369.9964533,9.886841952
652,42 ST-PORT AUTH,8/8/2017 10:00,1077.086256,1391.179641,30.28197247
653,42 ST-PORT AUTH,8/8/2017 14:00,1194.640354,1213.055284,20.7812926
654,42 ST-PORT AUTH,8/8/2017 18:00,2008.721263,1488.186392,46.15861219
655,42 ST-PORT AUTH,8/8/2017 22:00,1889.833612,1341.178664,45.7279087
656,42 ST-PORT AUTH,8/9/2017 2:00,1372.945237,653.5531138,21.77492967
657,42 ST-PORT AUTH,8/9/2017 6:00,572.4108633,473.2149409,12.04790867
658,42 ST-PORT AUTH,8/9/2017 10:00,1102.667431,1382.073701,30.88180954
659,42 ST-PORT AUTH,8/9/2017 14:00,1191.483956,1223.542025,22.11152922
660,42 ST-PORT AUTH,8/9/2017 18:00,1974.186936,1468.410253,45.55271028
661,42 ST-PORT AUTH,8/9/2017 22:00,1834.603824,1340.611844,45.20308167
662,42 ST-PORT AUTH,8/10/2017 2:00,1368.779911,728.6212507,23.06817474
663,42 ST-PORT AUTH,8/10/2017 6:00,659.6217325,568.1192662,14.08378034
664,42 ST-PORT AUTH,8/10/2017 10:00,1128.264666,1377.008656,31.48307076
665,42 ST-PORT AUTH,8/10/2017 14:00,1221.185774,1235.914576,23.3815228
666,42 ST-PORT AUTH,8/10/2017 18:00,1882.415283,1453.848671,45.03856558
667,42 ST-PORT AUTH,8/10/2017 22:00,1783.697097,1343.146664,44.76016024
668,42 ST-PORT AUTH,8/11/2017 2:00,1367.154234,798.4716062,24.30791342
669,42 ST-PORT AUTH,8/11/2017 6:00,723.3309287,655.6239405,16.00744495
670,42 ST-PORT AUTH,8/11/2017 10:00,1149.670376,1375.54003,32.08295721
671,42 ST-PORT AUTH,8/11/2017 14:00,1222.607225,1249.965509,24.59794357
672,42 ST-PORT AUTH,8/11/2017 18:00,1848.69009,1443.928074,44.60757844
673,103 ST,8/5/2017 1:00,571.7821677,702.0415969,19.51863079
674,103 ST,8/5/2017 5:00,253.5722368,249.4472689,6.166966111
675,103 ST,8/5/2017 9:00,1551.297098,733.5740958,36.722994
676,103 ST,8/5/2017 13:00,1635.962148,874.2381598,41.99987409
677,103 ST,8/5/2017 17:00,1704.971224,1091.497681,47.01466118
678,103 ST,8/5/2017 21:00,1630.37318,1291.208762,49.39675177
679,103 ST,8/6/2017 1:00,606.003216,671.4661955,21.67563667
680,103 ST,8/6/2017 5:00,355.3866019,306.8685197,9.838350088
681,103 ST,8/6/2017 9:00,1398.685809,702.1086526,37.37067023
682,103 ST,8/6/2017 13:00,1520.324673,826.5505386,42.21230788
683,103 ST,8/6/2017 17:00,1571.33893,1007.153223,46.83701654
684,103 ST,8/6/2017 21:00,1513.191316,1170.952306,48.86697661
685,103 ST,8/7/2017 1:00,686.9428391,688.5699977,22.45461159
686,103 ST,8/7/2017 5:00,474.3546012,387.7343363,11.76417569
687,103 ST,8/7/2017 9:00,1387.001319,714.4517811,36.66507493
688,103 ST,8/7/2017 13:00,1466.813016,820.1776937,41.06721003
689,103 ST,8/7/2017 17:00,1509.699644,968.2172726,45.22147251
690,103 ST,8/7/2017 21:00,1460.868776,1107.210458,47.09154532
691,103 ST,8/8/2017 1:00,761.0566491,704.6639386,23.14716679
692,103 ST,8/8/2017 5:00,582.3898364,454.6838053,13.47207602
693,103 ST,8/8/2017 9:00,1339.791679,726.44146,36.01270636
694,103 ST,8/8/2017 13:00,1422.984522,815.0044667,39.9975932
695,103 ST,8/8/2017 17:00,1458.851643,938.1849419,43.76119745
696,103 ST,8/8/2017 21:00,1417.650758,1054.098071,45.45044216
697,103 ST,8/9/2017 1:00,823.6694373,719.4302483,23.75639085
698,103 ST,8/9/2017 5:00,671.1174246,511.268382,14.99833363
699,103 ST,8/9/2017 9:00,1324.887978,737.6098294,35.40275307
700,103 ST,8/9/2017 13:00,1386.344084,811.5379041,39.01032012
701,103 ST,8/9/2017 17:00,1417.01027,914.0831458,42.41665854
702,103 ST,8/9/2017 21:00,1381.953015,1010.797692,43.94650148
703,103 ST,8/10/2017 1:00,879.1706445,732.7688246,24.28786561
704,103 ST,8/10/2017 5:00,750.1597542,559.3233116,16.35973206
705,103 ST,8/10/2017 9:00,1298.951421,747.9311098,34.83065868
706,103 ST,8/10/2017 13:00,1356.77209,809.5726251,38.09635948
707,103 ST,8/10/2017 17:00,1382.670028,895.0206444,41.17999556
708,103 ST,8/10/2017 21:00,1352.95271,975.6370126,42.56478289
709,103 ST,8/11/2017 1:00,926.8822596,744.8737762,24.74901551
710,103 ST,8/11/2017 5:00,816.9903777,600.328605,17.57214481
711,103 ST,8/11/2017 9:00,1286.984382,757.5125966,34.29278357
712,103 ST,8/11/2017 13:00,1332.670553,808.8937503,37.24903543
713,103 ST,8/11/2017 17:00,1354.750736,880.1031558,40.04045631
714,103 ST,8/11/2017 21:00,1329.480757,947.2971309,41.29403744
715,125 ST,8/5/2017 0:00,1155.579542,1123.586167,27.08602372
716,125 ST,8/5/2017 4:00,295.2505098,318.6655641,7.232699751
717,125 ST,8/5/2017 8:00,867.7860907,641.2490612,18.45994225
718,125 ST,8/5/2017 12:00,2094.979006,1463.426945,42.68528484
719,125 ST,8/5/2017 16:00,1928.40309,1521.61533,40.80790073
720,125 ST,8/5/2017 20:00,2345.828205,2043.18859,52.48742469
721,125 ST,8/6/2017 0:00,1223.4302,1115.317139,27.91467598
722,125 ST,8/6/2017 4:00,431.8465441,353.3983399,9.340369585
723,125 ST,8/6/2017 8:00,968.2159666,649.2412967,19.72684446
724,125 ST,8/6/2017 12:00,2105.662952,1415.83004,42.36194193
725,125 ST,8/6/2017 16:00,1953.420992,1475.174864,40.88870307
726,125 ST,8/6/2017 20:00,2339.72004,1951.454399,51.49796089
727,125 ST,8/7/2017 0:00,1226.593075,1117.426203,27.93350732
728,125 ST,8/7/2017 4:00,493.8419148,410.7063669,10.66835697
729,125 ST,8/7/2017 8:00,988.7541383,686.9117258,20.35048831
730,125 ST,8/7/2017 12:00,2039.713458,1400.166292,41.39639759
731,125 ST,8/7/2017 16:00,1898.686106,1454.40639,39.95835802
732,125 ST,8/7/2017 20:00,2255.777873,1899.472169,49.89634925
733,125 ST,8/8/2017 0:00,1225.928265,1123.047693,27.9373084
734,125 ST,8/8/2017 4:00,548.6535652,464.7905265,11.86234211
735,125 ST,8/8/2017 8:00,1006.378681,721.7093653,20.87024047
736,125 ST,8/8/2017 12:00,1978.14214,1385.628597,40.46378121
737,125 ST,8/8/2017 16:00,1847.809642,1436.304426,39.14159139
738,125 ST,8/8/2017 20:00,2177.960857,1850.215949,48.37584208
739,125 ST,8/9/2017 0:00,1224.949915,1127.920281,27.93404745
740,125 ST,8/9/2017 4:00,598.7544465,515.3299892,12.97375144
741,125 ST,8/9/2017 8:00,1021.908723,754.4913695,21.35867355
742,125 ST,8/9/2017 12:00,1920.317811,1372.432391,39.59393481
743,125 ST,8/9/2017 16:00,1799.8113,1419.56278,38.35936195
744,125 ST,8/9/2017 20:00,2105.046174,1804.880733,46.95782837
745,125 ST,8/10/2017 0:00,1223.099649,1132.867466,27.92259998
746,125 ST,8/10/2017 4:00,644.1656637,562.6746631,13.99809339
747,125 ST,8/10/2017 8:00,1035.391469,785.2708868,21.8020765
748,125 ST,8/10/2017 12:00,1866.005288,1360.428447,38.77471165
749,125 ST,8/10/2017 16:00,1754.594561,1404.302652,37.62660499
750,125 ST,8/10/2017 20:00,2036.795052,1762.929299,45.62864486
751,125 ST,8/11/2017 0:00,1220.545911,1137.735896,27.90392925
752,125 ST,8/11/2017 4:00,685.3004432,607.0256863,14.9438846
753,125 ST,8/11/2017 8:00,1047.00138,814.2108426,22.20743314
754,125 ST,8/11/2017 12:00,1814.932027,1349.545033,38.00450415
755,125 ST,8/11/2017 16:00,1711.928643,1390.380103,36.93567879
756,125 ST,8/11/2017 20:00,1972.832723,1724.178393,44.38373691
757,FOREST HILLS 71,8/5/2017 1:00,435.3870576,447.1856604,8.532488652
758,FOREST HILLS 71,8/5/2017 5:00,303.9804112,94.18318601,4.881183546
759,FOREST HILLS 71,8/5/2017 9:00,2563.337315,359.274885,27.66670035
760,FOREST HILLS 71,8/5/2017 13:00,1590.38627,469.4833941,21.7748307
761,FOREST HILLS 71,8/5/2017 17:00,1354.252147,853.5177536,23.45616127
762,FOREST HILLS 71,8/5/2017 21:00,1202.168889,1280.843497,25.88739852
763,FOREST HILLS 71,8/6/2017 1:00,392.3931544,432.6641985,7.923672336
764,FOREST HILLS 71,8/6/2017 5:00,282.5244212,135.7688281,4.541722358
765,FOREST HILLS 71,8/6/2017 9:00,1976.417152,316.7193853,24.27970493
766,FOREST HILLS 71,8/6/2017 13:00,1339.54175,453.4358547,19.24082356
767,FOREST HILLS 71,8/6/2017 17:00,1134.127469,790.8807748,20.57352017
768,FOREST HILLS 71,8/6/2017 21:00,1044.669021,1165.926033,22.7037842
769,FOREST HILLS 71,8/7/2017 1:00,527.4075954,451.0382763,9.767635406
770,FOREST HILLS 71,8/7/2017 5:00,430.4069419,173.6686183,6.798302412
771,FOREST HILLS 71,8/7/2017 9:00,2010.317659,371.4174462,23.8604103
772,FOREST HILLS 71,8/7/2017 13:00,1342.485415,478.1198789,19.46108914
773,FOREST HILLS 71,8/7/2017 17:00,1170.718172,788.156613,20.59486091
774,FOREST HILLS 71,8/7/2017 21:00,1066.706837,1148.381579,22.41839307
775,FOREST HILLS 71,8/8/2017 1:00,643.8382663,452.3806064,11.26564041
776,FOREST HILLS 71,8/8/2017 5:00,563.2475505,207.8772124,8.685877765
777,FOREST HILLS 71,8/8/2017 9:00,1801.093442,361.7721449,23.43023822
778,FOREST HILLS 71,8/8/2017 13:00,1321.843694,475.724391,19.61518867
779,FOREST HILLS 71,8/8/2017 17:00,1174.346343,755.569356,20.5888096
780,FOREST HILLS 71,8/8/2017 21:00,1104.852907,1073.975422,22.15923549
781,FOREST HILLS 71,8/9/2017 1:00,744.1845935,467.4640119,12.5661564
782,FOREST HILLS 71,8/9/2017 5:00,674.5848534,238.6598673,10.33119399
783,FOREST HILLS 71,8/9/2017 9:00,1789.315221,397.7785622,23.08149757
784,FOREST HILLS 71,8/9/2017 13:00,1325.315683,490.8179072,19.77993054
785,FOREST HILLS 71,8/9/2017 17:00,1201.68998,748.4290992,20.62063728
786,FOREST HILLS 71,8/9/2017 21:00,1130.195796,1048.007769,21.97810425
787,FOREST HILLS 71,8/10/2017 1:00,834.4477027,471.7342488,13.73787971
788,FOREST HILLS 71,8/10/2017 5:00,776.3680932,266.9449074,11.80441742
789,FOREST HILLS 71,8/10/2017 9:00,1674.764933,398.5404516,22.83264515
790,FOREST HILLS 71,8/10/2017 13:00,1321.284455,491.9789783,19.97695286
791,FOREST HILLS 71,8/10/2017 17:00,1215.756746,725.8437526,20.70419175
792,FOREST HILLS 71,8/10/2017 21:00,1163.747834,993.5827881,21.87846073
793,FOREST HILLS 71,8/11/2017 1:00,914.7632472,482.9457499,14.80906014
794,FOREST HILLS 71,8/11/2017 5:00,865.0100103,292.7365928,13.13688302
795,FOREST HILLS 71,8/11/2017 9:00,1656.000564,423.0162723,22.67587526
796,FOREST HILLS 71,8/11/2017 13:00,1330.245724,502.3680709,20.20600551
797,FOREST HILLS 71,8/11/2017 17:00,1241.497335,717.20318,20.83517014
798,FOREST HILLS 71,8/11/2017 21:00,1191.718382,966.4097144,21.85097507
799,DELANCEY/ESSEX,8/5/2017 1:00,932.7165849,560.1912368,19.42497245
800,DELANCEY/ESSEX,8/5/2017 5:00,303.2607726,139.7844794,6.646421559
801,DELANCEY/ESSEX,8/5/2017 9:00,906.6230375,666.2695994,21.31241623
802,DELANCEY/ESSEX,8/5/2017 13:00,1106.35885,772.4050063,25.53485895
803,DELANCEY/ESSEX,8/5/2017 17:00,1409.335224,1014.1524,32.38552212
804,DELANCEY/ESSEX,8/5/2017 21:00,1424.264745,1303.672322,36.7428
805,DELANCEY/ESSEX,8/6/2017 1:00,910.9860905,530.3691867,17.5753282
806,DELANCEY/ESSEX,8/6/2017 5:00,388.887911,168.8680582,6.488066401
807,DELANCEY/ESSEX,8/6/2017 9:00,892.1391538,630.2217204,19.25762691
808,DELANCEY/ESSEX,8/6/2017 13:00,1075.919389,733.6398752,23.22588861
809,DELANCEY/ESSEX,8/6/2017 17:00,1299.857693,934.0416048,28.97664794
810,DELANCEY/ESSEX,8/6/2017 21:00,1350.441603,1212.205677,33.41061116
811,DELANCEY/ESSEX,8/7/2017 1:00,919.2314807,549.1467099,18.33939376
812,DELANCEY/ESSEX,8/7/2017 5:00,472.4096998,222.533005,8.222753708
813,DELANCEY/ESSEX,8/7/2017 9:00,908.4612832,641.4248368,19.81697813
814,DELANCEY/ESSEX,8/7/2017 13:00,1059.597617,729.9684771,23.38384436
815,DELANCEY/ESSEX,8/7/2017 17:00,1265.066935,918.259012,28.69397425
816,DELANCEY/ESSEX,8/7/2017 21:00,1294.018324,1157.507241,32.39782109
817,DELANCEY/ESSEX,8/8/2017 1:00,931.4256004,568.5833274,19.00920888
818,DELANCEY/ESSEX,8/8/2017 5:00,547.0628351,281.4715881,10.05438676
819,DELANCEY/ESSEX,8/8/2017 9:00,919.4151274,651.0938421,20.34723923
820,DELANCEY/ESSEX,8/8/2017 13:00,1050.633624,732.3876157,23.55504338
821,DELANCEY/ESSEX,8/8/2017 17:00,1222.369318,895.7301463,28.21130292
822,DELANCEY/ESSEX,8/8/2017 21:00,1251.78934,1113.082605,31.70707864
823,DELANCEY/ESSEX,8/9/2017 1:00,939.711147,589.193183,19.67902196
824,DELANCEY/ESSEX,8/9/2017 5:00,611.3149116,332.098553,11.58463519
825,DELANCEY/ESSEX,8/9/2017 9:00,930.4475726,662.827573,20.87347823
826,DELANCEY/ESSEX,8/9/2017 13:00,1042.399436,734.1058342,23.74765803
827,DELANCEY/ESSEX,8/9/2017 17:00,1190.717895,881.6122084,27.98369978
828,DELANCEY/ESSEX,8/9/2017 21:00,1214.527034,1073.03437,31.01563738
829,DELANCEY/ESSEX,8/10/2017 1:00,948.4034057,607.2062456,20.30122244
830,DELANCEY/ESSEX,8/10/2017 5:00,666.8484335,379.1109419,13.08252074
831,DELANCEY/ESSEX,8/10/2017 9:00,940.1352183,672.6865746,21.37562458
832,DELANCEY/ESSEX,8/10/2017 13:00,1036.124373,736.6539367,23.95504781
833,DELANCEY/ESSEX,8/10/2017 17:00,1162.807087,866.9433797,27.71665362
834,DELANCEY/ESSEX,8/10/2017 21:00,1183.60523,1038.307958,30.49763661
835,DELANCEY/ESSEX,8/11/2017 1:00,956.0367849,624.0464677,20.90649028
836,DELANCEY/ESSEX,8/11/2017 5:00,714.9814248,420.6506405,14.40977182
837,DELANCEY/ESSEX,8/11/2017 9:00,949.0590525,682.3533547,21.86804806
838,DELANCEY/ESSEX,8/11/2017 13:00,1031.246652,739.0391593,24.17998637
839,DELANCEY/ESSEX,8/11/2017 17:00,1139.848301,855.4911819,27.5751522
840,DELANCEY/ESSEX,8/11/2017 21:00,1157.543876,1007.557574,30.03169164
841,BEDFORD AV,8/5/2017 0:00,1248.467217,1707.391961,57.46292161
842,BEDFORD AV,8/5/2017 4:00,412.2031345,444.0277681,17.8105446
843,BEDFORD AV,8/5/2017 8:00,604.1583024,548.7650536,24.83706819
844,BEDFORD AV,8/5/2017 12:00,1875.901608,1091.705819,59.50867003
845,BEDFORD AV,8/5/2017 16:00,1298.050136,1578.091725,53.11703336
846,BEDFORD AV,8/5/2017 20:00,1615.600156,2803.275217,87.72425224
847,BEDFORD AV,8/6/2017 0:00,986.0704456,1287.212866,44.39717602
848,BEDFORD AV,8/6/2017 4:00,320.9778627,347.3774008,10.18262152
849,BEDFORD AV,8/6/2017 8:00,483.7939921,407.3349678,16.86128178
850,BEDFORD AV,8/6/2017 12:00,1461.397219,763.0332125,47.49266389
851,BEDFORD AV,8/6/2017 16:00,1024.331145,1234.934053,41.51387191
852,BEDFORD AV,8/6/2017 20:00,1265.630445,2332.749617,71.7569441
853,BEDFORD AV,8/7/2017 0:00,1009.050039,1277.994453,45.3021648
854,BEDFORD AV,8/7/2017 4:00,490.5443104,457.006683,15.07371173
855,BEDFORD AV,8/7/2017 8:00,622.3714272,594.5074323,21.12259784
856,BEDFORD AV,8/7/2017 12:00,1378.468627,889.2751316,48.35263218
857,BEDFORD AV,8/7/2017 16:00,1043.704117,1208.106708,43.13973686
858,BEDFORD AV,8/7/2017 20:00,1229.798969,2163.60868,69.86431394
859,BEDFORD AV,8/8/2017 0:00,1042.728753,1343.707538,46.63321703
860,BEDFORD AV,8/8/2017 4:00,640.3165676,601.9308462,19.84572613
861,BEDFORD AV,8/8/2017 8:00,744.6514883,683.4416937,25.16504574
862,BEDFORD AV,8/8/2017 12:00,1330.586567,991.0428765,49.24764788
863,BEDFORD AV,8/8/2017 16:00,1072.664421,1267.687518,44.6663265
864,BEDFORD AV,8/8/2017 20:00,1216.916603,2012.985023,68.31985672
865,BEDFORD AV,8/9/2017 0:00,1081.974765,1345.521927,48.01310629
866,BEDFORD AV,8/9/2017 4:00,770.1222611,769.608901,24.32550757
867,BEDFORD AV,8/9/2017 8:00,851.8849925,807.9524748,29.01648282
868,BEDFORD AV,8/9/2017 12:00,1306.232163,1034.450898,50.29772151
869,BEDFORD AV,8/9/2017 16:00,1106.964306,1306.383968,46.24300059
870,BEDFORD AV,8/9/2017 20:00,1218.944363,1947.23688,67.15771823
871,BEDFORD AV,8/10/2017 0:00,1123.745379,1352.938156,49.43049378
872,BEDFORD AV,8/10/2017 4:00,882.1612176,871.1482869,28.49221664
873,BEDFORD AV,8/10/2017 8:00,945.9358217,940.1608617,32.64123325
874,BEDFORD AV,8/10/2017 12:00,1298.288918,1114.755269,51.45538113
875,BEDFORD AV,8/10/2017 16:00,1144.124642,1315.681199,47.86828657
876,BEDFORD AV,8/10/2017 20:00,1231.066405,1878.96132,66.35760214
877,BEDFORD AV,8/11/2017 0:00,1166.402501,1403.414237,50.90521139
878,BEDFORD AV,8/11/2017 4:00,979.2511897,970.0662869,32.39373891
879,BEDFORD AV,8/11/2017 8:00,1028.875379,1024.142651,36.06293097
880,BEDFORD AV,8/11/2017 12:00,1302.11921,1198.236121,52.69766969
881,BEDFORD AV,8/11/2017 16:00,1182.76129,1360.474893,49.52646765
882,BEDFORD AV,8/11/2017 20:00,1250.247485,1811.447954,65.87302651
883,86 ST-2 AVE,8/5/2017 1:00,548.797557,586.142279,17.46394338
884,86 ST-2 AVE,8/5/2017 5:00,208.2927469,115.9370387,6.233127067
885,86 ST-2 AVE,8/5/2017 9:00,1348.94003,364.0405976,31.81496452
886,86 ST-2 AVE,8/5/2017 13:00,1223.005164,654.1665933,32.45209862
887,86 ST-2 AVE,8/5/2017 17:00,1083.620505,965.7991167,34.46224604
888,86 ST-2 AVE,8/5/2017 21:00,1345.746336,1233.999633,42.87740011
889,86 ST-2 AVE,8/6/2017 1:00,514.9564063,594.1778249,15.2118214
890,86 ST-2 AVE,8/6/2017 5:00,247.8583181,177.8173327,6.529982945
891,86 ST-2 AVE,8/6/2017 9:00,1085.599747,381.2165852,27.31713886
892,86 ST-2 AVE,8/6/2017 13:00,985.3253563,674.6295864,27.72645156
893,86 ST-2 AVE,8/6/2017 17:00,891.1893594,954.1899266,29.03039145
894,86 ST-2 AVE,8/6/2017 21:00,1079.046575,1213.825748,36.13009971
895,86 ST-2 AVE,8/7/2017 1:00,614.0164839,589.1069273,17.25892222
896,86 ST-2 AVE,8/7/2017 5:00,418.4857377,207.0099154,9.814684324
897,86 ST-2 AVE,8/7/2017 9:00,1031.269864,391.4632586,27.20584323
898,86 ST-2 AVE,8/7/2017 13:00,958.0553865,669.7292337,27.6155247
899,86 ST-2 AVE,8/7/2017 17:00,890.9722165,926.917636,28.86020407
900,86 ST-2 AVE,8/7/2017 21:00,1027.919968,1172.282641,34.6859025
901,86 ST-2 AVE,8/8/2017 1:00,696.9317731,586.5400633,19.00418862
902,86 ST-2 AVE,8/8/2017 5:00,554.6957492,232.0856907,12.95762603
903,86 ST-2 AVE,8/8/2017 9:00,1001.589381,402.4572801,27.28515097
904,86 ST-2 AVE,8/8/2017 13:00,948.4452019,663.5986931,27.59138043
905,86 ST-2 AVE,8/8/2017 17:00,899.9213822,902.3926895,28.54408213
906,86 ST-2 AVE,8/8/2017 21:00,999.8298374,1132.377413,33.39774351
907,86 ST-2 AVE,8/9/2017 1:00,765.8153212,584.7210417,20.58578324
908,86 ST-2 AVE,8/9/2017 5:00,662.3310265,254.6395399,15.5185402
909,86 ST-2 AVE,8/9/2017 9:00,987.9941098,413.052322,27.42765169
910,86 ST-2 AVE,8/9/2017 13:00,949.3741424,657.2309008,27.69719006
911,86 ST-2 AVE,8/9/2017 17:00,914.1257805,879.6750207,28.52390938
912,86 ST-2 AVE,8/9/2017 21:00,986.9654613,1094.629112,32.53233415
913,86 ST-2 AVE,8/10/2017 1:00,823.4329916,583.0778659,21.98980004
914,86 ST-2 AVE,8/10/2017 5:00,748.1022209,275.2735703,17.81899996
915,86 ST-2 AVE,8/10/2017 9:00,985.3608719,422.91481,27.66737732
916,86 ST-2 AVE,8/10/2017 13:00,957.2638203,650.9409358,27.88315394
917,86 ST-2 AVE,8/10/2017 17:00,931.6194727,858.3953436,28.55028178
918,86 ST-2 AVE,8/10/2017 21:00,984.7000917,1059.100142,31.87742291
919,86 ST-2 AVE,8/11/2017 1:00,872.4627971,581.4272725,23.26666286
920,86 ST-2 AVE,8/11/2017 5:00,817.6085127,294.2584956,19.79804805
921,86 ST-2 AVE,8/11/2017 9:00,990.4431374,431.9753244,27.96627333
922,86 ST-2 AVE,8/11/2017 13:00,969.989022,644.8219121,28.14863666
923,86 ST-2 AVE,8/11/2017 17:00,951.3197827,838.3759388,28.70984356
924,86 ST-2 AVE,8/11/2017 21:00,989.9921948,1025.710096,31.46348457
925,JAY ST-METROTEC,8/5/2017 0:00,1028.165588,658.3381385,11.19025578
926,JAY ST-METROTEC,8/5/2017 4:00,250.647797,237.4453518,2.893119298
927,JAY ST-METROTEC,8/5/2017 8:00,483.7737453,663.8172952,8.270080723
928,JAY ST-METROTEC,8/5/2017 12:00,1584.84234,1827.187192,23.90755453
929,JAY ST-METROTEC,8/5/2017 16:00,2291.920063,1078.402076,23.14038941
930,JAY ST-METROTEC,8/5/2017 20:00,3451.353928,1143.064508,31.34245427
931,JAY ST-METROTEC,8/6/2017 0:00,1402.507135,691.0340351,14.84949912
932,JAY ST-METROTEC,8/6/2017 4:00,746.0163336,363.9535868,7.739721605
933,JAY ST-METROTEC,8/6/2017 8:00,965.7197868,722.9421481,12.34646725
934,JAY ST-METROTEC,8/6/2017 12:00,1874.7527,1620.381303,25.7446841
935,JAY ST-METROTEC,8/6/2017 16:00,2481.73089,1012.961604,25.08732555
936,JAY ST-METROTEC,8/6/2017 20:00,3432.831367,1065.732389,32.11491139
937,JAY ST-METROTEC,8/7/2017 0:00,1388.699525,719.509195,14.70766177
938,JAY ST-METROTEC,8/7/2017 4:00,825.5871867,454.9574104,8.61593721
939,JAY ST-METROTEC,8/7/2017 8:00,999.3437007,731.3090017,12.56303752
940,JAY ST-METROTEC,8/7/2017 12:00,1792.371681,1460.127123,24.04275067
941,JAY ST-METROTEC,8/7/2017 16:00,2306.618419,981.8101129,23.47951973
942,JAY ST-METROTEC,8/7/2017 20:00,3140.368272,1023.208425,29.50081888
943,JAY ST-METROTEC,8/8/2017 0:00,1359.746939,744.3389827,14.50974235
944,JAY ST-METROTEC,8/8/2017 4:00,882.3863157,535.6468026,9.290297551
945,JAY ST-METROTEC,8/8/2017 8:00,1038.986343,760.3715408,12.67220885
946,JAY ST-METROTEC,8/8/2017 12:00,1702.834615,1333.885275,22.50813108
947,JAY ST-METROTEC,8/8/2017 16:00,2142.819631,950.3331773,22.02554971
948,JAY ST-METROTEC,8/8/2017 20:00,2838.252598,983.6066959,27.18465337
949,JAY ST-METROTEC,8/9/2017 0:00,1332.293075,763.4182106,14.26377587
950,JAY ST-METROTEC,8/9/2017 4:00,924.0457374,596.2544244,9.791708278
951,JAY ST-METROTEC,8/9/2017 8:00,1052.013703,772.9503296,12.68936052
952,JAY ST-METROTEC,8/9/2017 12:00,1625.139372,1233.035478,21.1168678
953,JAY ST-METROTEC,8/9/2017 16:00,1998.829122,928.8749298,20.70338771
954,JAY ST-METROTEC,8/9/2017 20:00,2600.847181,955.2238152,25.12375447
955,JAY ST-METROTEC,8/10/2017 0:00,1296.937328,779.3077247,13.97664225
956,JAY ST-METROTEC,8/10/2017 4:00,950.0900256,646.6570923,10.14493421
957,JAY ST-METROTEC,8/10/2017 8:00,1062.595305,788.476487,12.62766891
958,JAY ST-METROTEC,8/10/2017 12:00,1546.1007,1153.233163,19.8484335
959,JAY ST-METROTEC,8/10/2017 16:00,1865.234375,910.3836255,19.49416001
960,JAY ST-METROTEC,8/10/2017 20:00,2372.09275,931.4395314,23.28157029
961,JAY ST-METROTEC,8/11/2017 0:00,1260.698967,791.9793808,13.65423624
962,JAY ST-METROTEC,8/11/2017 4:00,964.5612502,686.1108848,10.37119408
963,JAY ST-METROTEC,8/11/2017 8:00,1058.199951,798.5117248,12.49842366
964,JAY ST-METROTEC,8/11/2017 12:00,1473.203633,1089.789435,18.68524018
965,JAY ST-METROTEC,8/11/2017 16:00,1744.627175,896.6987945,18.38169545
966,JAY ST-METROTEC,8/11/2017 20:00,2180.332713,913.4315371,21.62678289
967,GRAND ST,8/5/2017 0:00,1279.944663,705.8702511,35.50730969
968,GRAND ST,8/5/2017 4:00,345.2898698,220.7844173,10.26855308
969,GRAND ST,8/5/2017 8:00,567.6568603,713.4356444,23.15654849
970,GRAND ST,8/5/2017 12:00,1507.569405,1654.858035,56.3545714
971,GRAND ST,8/5/2017 16:00,1808.387606,1034.127761,50.42204308
972,GRAND ST,8/5/2017 20:00,2778.142082,1319.031775,73.27807131
973,GRAND ST,8/6/2017 0:00,1484.653345,830.5519621,42.20948081
974,GRAND ST,8/6/2017 4:00,620.2017631,382.3795639,18.98452076
975,GRAND ST,8/6/2017 8:00,843.9014162,838.2392235,31.39693308
976,GRAND ST,8/6/2017 12:00,1731.539372,1706.259519,62.65957387
977,GRAND ST,8/6/2017 16:00,2022.03297,1136.450934,57.11297361
978,GRAND ST,8/6/2017 20:00,2930.315341,1399.820162,78.46779204
979,GRAND ST,8/7/2017 0:00,1434.899642,813.5687745,40.72844087
980,GRAND ST,8/7/2017 4:00,627.131271,401.4206486,18.92598286
981,GRAND ST,8/7/2017 8:00,833.4706263,819.7791387,30.54181999
982,GRAND ST,8/7/2017 12:00,1660.112278,1617.265058,59.83759172
983,GRAND ST,8/7/2017 16:00,1929.751711,1093.054218,54.6522378
984,GRAND ST,8/7/2017 20:00,2776.702038,1334.870612,74.66960698
985,GRAND ST,8/8/2017 0:00,1378.712741,794.2809791,39.23381818
986,GRAND ST,8/8/2017 4:00,625.2320415,415.2932677,18.80713233
987,GRAND ST,8/8/2017 8:00,818.0886489,800.0452035,29.68875706
988,GRAND ST,8/8/2017 12:00,1589.574353,1533.368505,57.13483244
989,GRAND ST,8/8/2017 16:00,1841.349987,1051.415641,52.27532747
990,GRAND ST,8/8/2017 20:00,2631.634582,1273.796737,71.02966263
991,GRAND ST,8/9/2017 0:00,1324.350791,775.0435961,37.747541
992,GRAND ST,8/9/2017 4:00,621.3186858,426.5842128,18.60958577
993,GRAND ST,8/9/2017 8:00,801.2078318,780.3242047,28.80511368
994,GRAND ST,8/9/2017 12:00,1520.982294,1454.56166,54.5201515
995,GRAND ST,8/9/2017 16:00,1755.863705,1011.423445,49.96718521
996,GRAND ST,8/9/2017 20:00,2493.199076,1215.882778,67.53854108
997,GRAND ST,8/10/2017 0:00,1270.572513,755.6280833,36.27408296
998,GRAND ST,8/10/2017 4:00,614.6384875,435.2368568,18.34322986
999,GRAND ST,8/10/2017 8:00,782.4842009,760.4852857,27.89565602
1000,GRAND ST,8/10/2017 12:00,1454.047124,1380.414108,51.98870575
1001,GRAND ST,8/10/2017 16:00,1673.198433,972.9723132,47.72292851
1002,GRAND ST,8/10/2017 20:00,2361.142858,1160.963389,64.18596891
1003,GRAND ST,8/11/2017 0:00,1217.498555,736.1016687,34.811964
1004,GRAND ST,8/11/2017 4:00,605.5034912,441.5184802,18.01211021
1005,GRAND ST,8/11/2017 8:00,762.1046272,740.5671477,26.96201082
1006,GRAND ST,8/11/2017 12:00,1388.680493,1310.559362,49.53537672
1007,GRAND ST,8/11/2017 16:00,1593.150793,935.9374284,45.53866474
1008,GRAND ST,8/11/2017 20:00,2235.011237,1108.785312,60.96328936
1009,72 ST-2 AVE,8/5/2017 1:00,527.7149992,414.1127858,13.55720563
1010,72 ST-2 AVE,8/5/2017 5:00,155.968845,195.5129285,4.563699398
1011,72 ST-2 AVE,8/5/2017 9:00,1021.649075,1330.931965,35.24418868
1012,72 ST-2 AVE,8/5/2017 13:00,1101.81607,1323.987541,35.92348834
1013,72 ST-2 AVE,8/5/2017 17:00,1782.581634,1039.116537,41.12570716
1014,72 ST-2 AVE,8/5/2017 21:00,1891.667946,1113.492347,44.16839074
1015,72 ST-2 AVE,8/6/2017 1:00,617.8142427,453.0470195,15.8028883
1016,72 ST-2 AVE,8/6/2017 5:00,299.3845102,275.1833608,8.373930983
1017,72 ST-2 AVE,8/6/2017 9:00,1052.731788,1208.153446,34.67323341
1018,72 ST-2 AVE,8/6/2017 13:00,1141.919386,1220.304676,35.50487529
1019,72 ST-2 AVE,8/6/2017 17:00,1727.246213,959.9791603,39.48612804
1020,72 ST-2 AVE,8/6/2017 21:00,1838.454245,1047.923282,42.6986618
1021,72 ST-2 AVE,8/7/2017 1:00,650.0661558,536.2702458,17.39931408
1022,72 ST-2 AVE,8/7/2017 5:00,354.3119508,363.5044917,10.44730807
1023,72 ST-2 AVE,8/7/2017 9:00,1044.37304,1171.637283,34.01743361
1024,72 ST-2 AVE,8/7/2017 13:00,1121.168544,1166.1654,34.48078671
1025,72 ST-2 AVE,8/7/2017 17:00,1656.878279,962.4463211,38.38896456
1026,72 ST-2 AVE,8/7/2017 21:00,1754.649154,1023.264392,40.86845281
1027,72 ST-2 AVE,8/8/2017 1:00,677.9216997,583.9410115,18.42573403
1028,72 ST-2 AVE,8/8/2017 5:00,415.7456511,458.4295877,12.66297214
1029,72 ST-2 AVE,8/8/2017 9:00,1032.436756,1114.697539,32.89845361
1030,72 ST-2 AVE,8/8/2017 13:00,1103.040874,1120.432134,33.47969975
1031,72 ST-2 AVE,8/8/2017 17:00,1581.869983,941.2924402,36.63445489
1032,72 ST-2 AVE,8/8/2017 21:00,1671.205592,1000.520545,39.0041835
1033,72 ST-2 AVE,8/9/2017 1:00,702.4360758,642.706558,19.55752889
1034,72 ST-2 AVE,8/9/2017 5:00,464.5755917,524.610895,14.3259373
1035,72 ST-2 AVE,8/9/2017 9:00,1022.240986,1086.858011,32.24393942
1036,72 ST-2 AVE,8/9/2017 13:00,1085.284014,1084.614165,32.64422574
1037,72 ST-2 AVE,8/9/2017 17:00,1518.323461,940.8871819,35.56277851
1038,72 ST-2 AVE,8/9/2017 21:00,1598.277332,984.5849647,37.51122097
1039,72 ST-2 AVE,8/10/2017 1:00,723.8409538,680.0321402,20.37372432
1040,72 ST-2 AVE,8/10/2017 5:00,510.2852318,590.4295232,15.91946093
1041,72 ST-2 AVE,8/10/2017 9:00,1011.780998,1051.200449,31.44324942
1042,72 ST-2 AVE,8/10/2017 13:00,1068.832931,1054.233537,31.85931573
1043,72 ST-2 AVE,8/10/2017 17:00,1458.24271,929.8070503,34.31238527
1044,72 ST-2 AVE,8/10/2017 21:00,1530.505549,970.4256143,36.09107952
1045,72 ST-2 AVE,8/11/2017 1:00,742.3293627,720.7804344,21.16204761
1046,72 ST-2 AVE,8/11/2017 5:00,549.6131624,639.4668109,17.19531226
1047,72 ST-2 AVE,8/11/2017 9:00,1001.816809,1031.320734,30.85156973
1048,72 ST-2 AVE,8/11/2017 13:00,1053.106787,1030.42734,31.17481818
1049,72 ST-2 AVE,8/11/2017 17:00,1404.246973,929.3444595,33.37941943
1050,72 ST-2 AVE,8/11/2017 21:00,1469.251075,960.4607608,34.88818408
1051,77 ST,8/5/2017 1:00,487.7635462,270.4391646,11.6012326
1052,77 ST,8/5/2017 5:00,27.02030676,98.85474339,2.522497902
1053,77 ST,8/5/2017 9:00,775.1933728,1311.770408,36.6936842
1054,77 ST,8/5/2017 13:00,1122.90045,1649.727945,45.94920917
1055,77 ST,8/5/2017 17:00,1924.456839,1375.13569,54.61760456
1056,77 ST,8/5/2017 21:00,1592.099323,1117.381802,45.09569269
1057,77 ST,8/6/2017 1:00,561.6488254,288.7764491,11.98043277
1058,77 ST,8/6/2017 5:00,158.7325276,138.5685955,4.929778867
1059,77 ST,8/6/2017 9:00,830.2683775,1200.984897,34.83951062
1060,77 ST,8/6/2017 13:00,1157.85228,1552.154927,43.83683601
1061,77 ST,8/6/2017 17:00,1875.952567,1277.149519,50.97803102
1062,77 ST,8/6/2017 21:00,1597.315225,1059.042951,43.33818473
1063,77 ST,8/7/2017 1:00,588.482343,371.3875802,14.2122684
1064,77 ST,8/7/2017 5:00,217.8313046,209.5994404,7.442892046
1065,77 ST,8/7/2017 9:00,838.6299807,1216.850106,35.0105313
1066,77 ST,8/7/2017 13:00,1138.11,1509.308206,42.92416156
1067,77 ST,8/7/2017 17:00,1805.646141,1264.965773,49.76254355
1068,77 ST,8/7/2017 21:00,1537.370039,1056.195735,42.32269789
1069,77 ST,8/8/2017 1:00,607.8582835,412.6789918,15.63827575
1070,77 ST,8/8/2017 5:00,264.5920178,279.5441478,9.795378735
1071,77 ST,8/8/2017 9:00,837.2107549,1176.227819,34.40515553
1072,77 ST,8/8/2017 13:00,1113.526049,1461.48947,41.72417678
1073,77 ST,8/8/2017 17:00,1727.645753,1234.236179,47.66852536
1074,77 ST,8/8/2017 21:00,1484.191523,1050.492436,41.27537227
1075,77 ST,8/9/2017 1:00,626.8226176,474.0116546,17.34611243
1076,77 ST,8/9/2017 5:00,311.0053525,343.0464234,11.88922598
1077,77 ST,8/9/2017 9:00,838.5776901,1178.135027,34.35806038
1078,77 ST,8/9/2017 13:00,1093.126312,1426.652314,40.88249825
1079,77 ST,8/9/2017 17:00,1659.385497,1221.82979,46.41038667
1080,77 ST,8/9/2017 21:00,1433.723624,1049.206314,40.41725728
1081,77 ST,8/10/2017 1:00,642.770024,515.9708536,18.64371909
1082,77 ST,8/10/2017 5:00,351.5388278,402.5464933,13.81363981
1083,77 ST,8/10/2017 9:00,837.8043108,1154.739522,34.01406245
1084,77 ST,8/10/2017 13:00,1072.470024,1389.867012,39.97749
1085,77 ST,8/10/2017 17:00,1594.268523,1200.856267,44.8851403
1086,77 ST,8/10/2017 21:00,1386.740679,1046.334566,39.59344712
1087,77 ST,8/11/2017 1:00,657.10685,564.722932,19.98031185
1088,77 ST,8/11/2017 5:00,388.7536867,456.9319312,15.54407093
1089,77 ST,8/11/2017 9:00,836.9040835,1151.316297,33.89878121
1090,77 ST,8/11/2017 13:00,1053.15448,1360.706101,39.2561764
1091,77 ST,8/11/2017 17:00,1534.092577,1189.301879,43.75434101
1092,77 ST,8/11/2017 21:00,1342.670402,1046.003454,38.88578273
1093,FORDHAM RD,8/5/2017 0:00,532.7635538,286.9555543,12.96757034
1094,FORDHAM RD,8/5/2017 4:00,150.4890182,126.1393154,4.327962387
1095,FORDHAM RD,8/5/2017 8:00,1144.849822,120.0969701,19.97476413
1096,FORDHAM RD,8/5/2017 12:00,1306.009921,286.8955115,24.60182359
1097,FORDHAM RD,8/5/2017 16:00,1218.434839,400.5666288,24.86438287
1098,FORDHAM RD,8/5/2017 20:00,1212.236822,625.6024196,28.21414249
1099,FORDHAM RD,8/6/2017 0:00,555.4310049,293.8799154,14.96117167
1100,FORDHAM RD,8/6/2017 4:00,203.6162206,144.1201573,7.016563754
1101,FORDHAM RD,8/6/2017 8:00,1118.746073,137.1775622,21.37252676
1102,FORDHAM RD,8/6/2017 12:00,1267.06489,293.3125609,25.61143551
1103,FORDHAM RD,8/6/2017 16:00,1186.467815,400.0890835,25.86924193
1104,FORDHAM RD,8/6/2017 20:00,1180.763658,609.7488958,28.92130619
1105,FORDHAM RD,8/7/2017 0:00,579.0543912,293.6532034,14.9988313
1106,FORDHAM RD,8/7/2017 4:00,255.2723088,152.9623759,7.72068402
1107,FORDHAM RD,8/7/2017 8:00,1097.484354,146.6962307,20.87594831
1108,FORDHAM RD,8/7/2017 12:00,1233.985086,293.2197447,24.76113095
1109,FORDHAM RD,8/7/2017 16:00,1159.810009,393.3511215,24.99491522
1110,FORDHAM RD,8/7/2017 20:00,1154.560361,590.2960465,27.79466555
1111,FORDHAM RD,8/8/2017 0:00,600.8292045,293.4723145,15.01020978
1112,FORDHAM RD,8/8/2017 4:00,302.8461704,161.5400738,8.339097644
1113,FORDHAM RD,8/8/2017 8:00,1077.950521,155.6146336,20.39656105
1114,FORDHAM RD,8/8/2017 12:00,1203.574835,293.0466393,23.95740612
1115,FORDHAM RD,8/8/2017 16:00,1135.31005,386.9789774,24.17201493
1116,FORDHAM RD,8/8/2017 20:00,1130.478695,571.6668564,26.73771311
1117,FORDHAM RD,8/9/2017 0:00,620.9027396,293.226724,14.99766399
1118,FORDHAM RD,8/9/2017 4:00,346.6630784,169.4617396,8.883475077
1119,FORDHAM RD,8/9/2017 8:00,1060.006894,163.9126577,19.9344214
1120,FORDHAM RD,8/9/2017 12:00,1175.621427,292.8311108,23.19803501
1121,FORDHAM RD,8/9/2017 16:00,1112.795999,380.9418964,23.39468152
1122,FORDHAM RD,8/9/2017 20:00,1108.349608,554.1959908,25.74626134
1123,FORDHAM RD,8/10/2017 0:00,639.4105549,292.9412449,14.9632505
1124,FORDHAM RD,8/10/2017 4:00,387.0223877,176.8468268,9.35942153
1125,FORDHAM RD,8/10/2017 8:00,1043.526766,171.6398159,19.48791882
1126,FORDHAM RD,8/10/2017 12:00,1149.9291,292.5694338,22.47910844
1127,FORDHAM RD,8/10/2017 16:00,1092.10962,375.2206786,22.65934694
1128,FORDHAM RD,8/10/2017 20:00,1088.017518,537.7371607,24.81462669
1129,FORDHAM RD,8/11/2017 0:00,656.4774073,292.6143298,14.90879403
1130,FORDHAM RD,8/11/2017 4:00,424.199601,183.7133604,9.772734503
1131,FORDHAM RD,8/11/2017 8:00,1028.393524,178.8293428,19.05577534
1132,FORDHAM RD,8/11/2017 12:00,1126.31769,292.2656953,21.7972816
1133,FORDHAM RD,8/11/2017 16:00,1073.105282,369.79545,21.96247412
1134,FORDHAM RD,8/11/2017 20:00,1069.339241,522.2420511,23.93784724
1135,DEKALB AV,8/5/2017 0:00,797.0882196,462.2361107,18.43563271
1136,DEKALB AV,8/5/2017 4:00,314.1378783,111.9276709,5.802184448
1137,DEKALB AV,8/5/2017 8:00,873.6995235,233.8879673,12.44840888
1138,DEKALB AV,8/5/2017 12:00,1918.727889,584.0881924,30.5071275
1139,DEKALB AV,8/5/2017 16:00,1237.860383,593.4925568,25.74114644
1140,DEKALB AV,8/5/2017 20:00,1865.280669,815.8111054,32.39577843
1141,DEKALB AV,8/6/2017 0:00,909.7124644,534.9536604,18.7493646
1142,DEKALB AV,8/6/2017 4:00,520.7945273,208.5199121,9.769436742
1143,DEKALB AV,8/6/2017 8:00,940.724066,323.404192,15.12524249
1144,DEKALB AV,8/6/2017 12:00,1927.909702,651.2500871,29.23081498
1145,DEKALB AV,8/6/2017 16:00,1396.963877,659.5043521,26.06223441
1146,DEKALB AV,8/6/2017 20:00,1805.11022,866.3801031,33.06576739
1147,DEKALB AV,8/7/2017 0:00,940.9733053,519.9036698,18.24881406
1148,DEKALB AV,8/7/2017 4:00,536.997984,216.0606645,9.804996255
1149,DEKALB AV,8/7/2017 8:00,899.2380032,322.5776645,15.87227712
1150,DEKALB AV,8/7/2017 12:00,1871.189557,626.9300754,28.25991569
1151,DEKALB AV,8/7/2017 16:00,1291.100054,634.2384798,24.26757452
1152,DEKALB AV,8/7/2017 20:00,1718.971705,826.2751661,30.84136857
1153,DEKALB AV,8/8/2017 0:00,975.3502111,503.3424602,18.72351028
1154,DEKALB AV,8/8/2017 4:00,552.7778667,220.9620122,10.60695447
1155,DEKALB AV,8/8/2017 8:00,907.2996884,319.9106681,15.3730187
1156,DEKALB AV,8/8/2017 12:00,1798.826683,602.6746129,27.0692902
1157,DEKALB AV,8/8/2017 16:00,1236.960185,609.4848075,23.76575189
1158,DEKALB AV,8/8/2017 20:00,1645.298178,787.9349858,28.73718662
1159,DEKALB AV,8/9/2017 0:00,976.9289634,487.0287582,18.1785578
1160,DEKALB AV,8/9/2017 4:00,548.3715338,224.7169873,11.72167599
1161,DEKALB AV,8/9/2017 8:00,925.9978485,316.669528,15.57158922
1162,DEKALB AV,8/9/2017 12:00,1708.539706,579.3829873,25.36732704
1163,DEKALB AV,8/9/2017 16:00,1168.529155,585.718443,22.93063548
1164,DEKALB AV,8/9/2017 20:00,1602.263601,751.5086934,27.54540518
1165,DEKALB AV,8/10/2017 0:00,954.6012385,471.0289489,17.74878467
1166,DEKALB AV,8/10/2017 4:00,568.7431906,227.3287849,12.03741976
1167,DEKALB AV,8/10/2017 8:00,948.9240233,312.7518162,15.87337407
1168,DEKALB AV,8/10/2017 12:00,1603.793095,556.8174667,24.34740764
1169,DEKALB AV,8/10/2017 16:00,1141.127387,562.6995192,21.84940703
1170,DEKALB AV,8/10/2017 20:00,1548.980963,716.7216131,26.13840091
1171,DEKALB AV,8/11/2017 0:00,918.3978567,455.2177421,17.74193214
1172,DEKALB AV,8/11/2017 4:00,603.9456423,228.8105745,12.43506392
1173,DEKALB AV,8/11/2017 8:00,950.7623458,308.1711627,15.70163669
1174,DEKALB AV,8/11/2017 12:00,1504.694607,534.9168124,23.4353362
1175,DEKALB AV,8/11/2017 16:00,1126.856657,540.381812,21.22604232
1176,DEKALB AV,8/11/2017 20:00,1483.135233,683.4742708,24.73568376
1177,JAMAICA CENTER,8/5/2017 0:00,599.5698199,1350.055772,25.40220191
1178,JAMAICA CENTER,8/5/2017 4:00,265.7870368,488.7241117,10.68676142
1179,JAMAICA CENTER,8/5/2017 8:00,2428.262939,676.8570426,37.40984263
1180,JAMAICA CENTER,8/5/2017 12:00,1847.907708,1144.342765,35.95258105
1181,JAMAICA CENTER,8/5/2017 16:00,1438.287916,1370.747811,34.17124685
1182,JAMAICA CENTER,8/5/2017 20:00,1536.774959,2433.985318,47.30700106
1183,JAMAICA CENTER,8/6/2017 0:00,567.5447585,1411.171356,27.6040453
1184,JAMAICA CENTER,8/6/2017 4:00,323.4225038,697.5845828,15.82681802
1185,JAMAICA CENTER,8/6/2017 8:00,2116.461024,852.8723063,36.93383582
1186,JAMAICA CENTER,8/6/2017 12:00,1668.505508,1239.537102,35.87749845
1187,JAMAICA CENTER,8/6/2017 16:00,1314.378647,1426.776967,34.33843408
1188,JAMAICA CENTER,8/6/2017 20:00,1400.203915,2306.66699,44.57970892
1189,JAMAICA CENTER,8/7/2017 0:00,670.3133031,1357.875232,27.57994825
1190,JAMAICA CENTER,8/7/2017 4:00,458.2734348,767.2589199,18.00605083
1191,JAMAICA CENTER,8/7/2017 8:00,2007.59905,895.764372,35.19096913
1192,JAMAICA CENTER,8/7/2017 12:00,1614.592059,1215.772095,34.23183728
1193,JAMAICA CENTER,8/7/2017 16:00,1320.590649,1370.732823,33.04678647
1194,JAMAICA CENTER,8/7/2017 20:00,1397.270345,2098.956744,41.48531838
1195,JAMAICA CENTER,8/8/2017 0:00,772.6205184,1310.748836,27.52941838
1196,JAMAICA CENTER,8/8/2017 4:00,596.6605755,821.933544,19.90757599
1197,JAMAICA CENTER,8/8/2017 8:00,1903.35717,928.2884357,33.55299199
1198,JAMAICA CENTER,8/8/2017 12:00,1575.445185,1193.137406,32.85616739
1199,JAMAICA CENTER,8/8/2017 16:00,1322.418265,1321.387993,31.86462768
1200,JAMAICA CENTER,8/8/2017 20:00,1385.65107,1924.090872,38.49676945
1201,JAMAICA CENTER,8/9/2017 0:00,858.7122813,1268.789389,27.40229181
1202,JAMAICA CENTER,8/9/2017 4:00,706.5576904,864.2291114,21.22619482
1203,JAMAICA CENTER,8/9/2017 8:00,1821.13384,952.2520301,32.30569584
1204,JAMAICA CENTER,8/9/2017 12:00,1538.914737,1171.450074,31.69324981
1205,JAMAICA CENTER,8/9/2017 16:00,1324.561008,1277.594634,30.92367965
1206,JAMAICA CENTER,8/9/2017 20:00,1378.576752,1776.412124,36.35727842
1207,JAMAICA CENTER,8/10/2017 0:00,931.0038911,1231.108606,27.27161857
1208,JAMAICA CENTER,8/10/2017 4:00,802.4112668,896.2806958,22.3446166
1209,JAMAICA CENTER,8/10/2017 8:00,1747.735616,969.1314699,31.16736704
1210,JAMAICA CENTER,8/10/2017 12:00,1509.173931,1150.54726,30.71200679
1211,JAMAICA CENTER,8/10/2017 16:00,1326.479361,1238.396124,30.07444652
1212,JAMAICA CENTER,8/10/2017 20:00,1372.170027,1651.234521,34.36755856
1213,JAMAICA CENTER,8/11/2017 0:00,994.1885089,1196.96908,27.10027022
1214,JAMAICA CENTER,8/11/2017 4:00,884.5408229,919.8540614,23.11581559
1215,JAMAICA CENTER,8/11/2017 8:00,1689.02672,980.1478512,30.26198812
1216,JAMAICA CENTER,8/11/2017 12:00,1485.689727,1130.293757,29.87023938
1217,JAMAICA CENTER,8/11/2017 16:00,1330.670463,1203.000478,29.37135319
1218,JAMAICA CENTER,8/11/2017 20:00,1369.664704,1544.679642,32.87254791
