"","Station","Time(Ent)","Forecast(Ent)","Validation(Ent)","Actual(Ent)","Time(Ext)","Forecast(Ext)","Validation(Ext)","Actual(Ext)","Time(Trf)","Forecast(Trf)","Validation(Trf)","Actual(Trf)"
"1","14 ST-UNION SQ","2017-08-05 01:00:00",3740.99623880164,3974.95303096955,3662,"2017-08-05 01:00:00",1728.8299337716,1883.19074047594,1140.75,"2017-08-05 01:00:00",39.16460972083,39.9942758591294,32.4510135135135
"2","14 ST-UNION SQ","2017-08-05 05:00:00",619.504604287415,573.058776089518,293.5,"2017-08-05 05:00:00",455.246472686174,468.559861377106,143,"2017-08-05 05:00:00",8.40933243280308,7.14204189257767,2.94932432432432
"3","14 ST-UNION SQ","2017-08-05 09:00:00",1993.60339872766,2780.1448732132,2270.5,"2017-08-05 09:00:00",3643.5199783574,4477.21799256778,4289,"2017-08-05 09:00:00",39.7842775080169,49.3984197635062,44.3209459459459
"4","14 ST-UNION SQ","2017-08-05 13:00:00",3484.59124052411,3681.04329487684,3563.75,"2017-08-05 13:00:00",5789.3522262169,5923.83977467926,6187.5,"2017-08-05 13:00:00",61.4014221542883,64.1289061116121,65.8868243243243
"5","14 ST-UNION SQ","2017-08-05 17:00:00",6945.23554228558,6443.04046749815,6504,"2017-08-05 17:00:00",5142.81418534754,4632.3432744172,4741.5,"2017-08-05 17:00:00",81.5952933107224,74.8362886031405,75.9831081081081
"6","14 ST-UNION SQ","2017-08-05 21:00:00",8207.74215079166,9022.67083793448,10294.25,"2017-08-05 21:00:00",4806.31330582637,4993.60714348752,5545.75,"2017-08-05 21:00:00",90.1253740402526,94.6185981167677,107.027027027027
"7","14 ST-UNION SQ","2017-08-06 01:00:00",3779.88712210743,4031.95171181269,4038.25,"2017-08-06 01:00:00",1761.70752387032,2081.23918907206,1336.5,"2017-08-06 01:00:00",39.4862739047781,40.9107603176152,36.3158783783784
"8","14 ST-UNION SQ","2017-08-06 05:00:00",1011.4523175203,854.690149700722,412.75,"2017-08-06 05:00:00",587.302537262906,760.556076418038,164.5,"2017-08-06 05:00:00",11.1922248700627,9.52185490920456,3.90033783783784
"9","14 ST-UNION SQ","2017-08-06 09:00:00",2223.30356668961,2933.93732821204,1928.5,"2017-08-06 09:00:00",3441.61145367149,4408.36899851127,3557.75,"2017-08-06 09:00:00",39.7820154879616,49.5631803151099,37.0692567567568
"10","14 ST-UNION SQ","2017-08-06 13:00:00",3580.29536061609,3654.70162480838,3479.25,"2017-08-06 13:00:00",5307.1335264691,5681.10653285337,6143,"2017-08-06 13:00:00",60.5205870744442,62.650837120954,65.0152027027027
"11","14 ST-UNION SQ","2017-08-06 17:00:00",6670.02128070522,6196.69070306616,7369.5,"2017-08-06 17:00:00",4759.04159846224,4544.44037210218,5286.5,"2017-08-06 17:00:00",78.595441216842,72.8849264212597,85.5135135135135
"12","14 ST-UNION SQ","2017-08-06 21:00:00",7815.06915532146,8449.89833462845,8716.75,"2017-08-06 21:00:00",4444.18964114572,4850.62739824476,4999.25,"2017-08-06 21:00:00",86.3171116622483,90.8029501616687,92.6756756756757
"13","FLUSHING-MAIN","2017-08-05 00:00:00",1704.56505327764,1498.66495419776,1201.5,"2017-08-05 00:00:00",2157.04032947497,2202.45386346363,2147.75,"2017-08-05 00:00:00",34.3748006075015,33.7399702061954,31.0115740740741
"14","FLUSHING-MAIN","2017-08-05 04:00:00",441.859039967657,414.825188820154,135.75,"2017-08-05 04:00:00",434.222599416713,381.782479198595,293.75,"2017-08-05 04:00:00",7.23722252571541,5.50778768670062,3.97685185185185
"15","FLUSHING-MAIN","2017-08-05 08:00:00",3026.81434999982,3330.29653787069,3268.5,"2017-08-05 08:00:00",879.322056240989,926.876042771087,775,"2017-08-05 08:00:00",36.2468030255139,38.7330353639704,37.4398148148148
"16","FLUSHING-MAIN","2017-08-05 12:00:00",3829.91868646076,4270.40908063061,4530.5,"2017-08-05 12:00:00",1641.45434786411,1784.62038864898,1771.5,"2017-08-05 12:00:00",51.49946695317,55.710532455199,58.3518518518519
"17","FLUSHING-MAIN","2017-08-05 16:00:00",2565.03075909079,2541.28746131139,2645.25,"2017-08-05 16:00:00",2171.97262225317,2096.15673278925,1882,"2017-08-05 16:00:00",43.218302389208,42.0329037871528,41.9189814814815
"18","FLUSHING-MAIN","2017-08-05 20:00:00",3058.39496698965,2710.97190659514,2867,"2017-08-05 20:00:00",4049.52951323897,4068.49124569635,4562.5,"2017-08-05 20:00:00",65.9025255238661,62.2666165288706,68.7916666666667
"19","FLUSHING-MAIN","2017-08-06 00:00:00",1659.72792988431,1649.42673567098,1304.5,"2017-08-06 00:00:00",2120.64995242672,2223.31713977885,2155.5,"2017-08-06 00:00:00",35.1210379118126,33.8164493013917,32.037037037037
"20","FLUSHING-MAIN","2017-08-06 04:00:00",561.487610560633,714.992675381646,134.75,"2017-08-06 04:00:00",498.08419625799,477.665339312652,347.75,"2017-08-06 04:00:00",10.056898031647,7.87535444071166,4.46759259259259
"21","FLUSHING-MAIN","2017-08-06 08:00:00",2740.97541719251,3119.56878328843,3022.75,"2017-08-06 08:00:00",919.511390798016,1008.45330339859,770.25,"2017-08-06 08:00:00",36.7318892978465,38.3500932368727,35.1203703703704
"22","FLUSHING-MAIN","2017-08-06 12:00:00",3439.30676194968,3917.31668507155,4071.25,"2017-08-06 12:00:00",1611.83139488054,1750.56392713063,1635.75,"2017-08-06 12:00:00",50.7854781987393,54.0184091428,52.8425925925926
"23","FLUSHING-MAIN","2017-08-06 16:00:00",2371.65565208492,2509.43056131726,2585.5,"2017-08-06 16:00:00",2064.56145918481,2052.2525944936,2109,"2017-08-06 16:00:00",43.1222204851227,41.3934989989589,43.4675925925926
"24","FLUSHING-MAIN","2017-08-06 20:00:00",2760.19334232995,2643.15301808212,3127.25,"2017-08-06 20:00:00",3859.67087406092,3848.88980825622,4270.5,"2017-08-06 20:00:00",64.0232228025466,60.0235294755859,68.4976851851852
"25","JKSN HT-ROOSVLT","2017-08-05 00:00:00",1315.58382269255,1201.3020762886,1014.25,"2017-08-05 00:00:00",1838.79871600594,1815.054947944,1738.75,"2017-08-05 00:00:00",35.5933281434042,34.5516154719785,31.2840909090909
"26","JKSN HT-ROOSVLT","2017-08-05 04:00:00",416.531468305387,252.633140043057,222.5,"2017-08-05 04:00:00",967.092613752926,631.910174845456,468,"2017-08-05 04:00:00",13.7424242657461,9.66304386949993,7.84659090909091
"27","JKSN HT-ROOSVLT","2017-08-05 08:00:00",2238.17760618642,2347.47778555974,2325.5,"2017-08-05 08:00:00",587.634949874987,581.15320414531,497.75,"2017-08-05 08:00:00",32.9575800613683,33.8080499858813,32.0823863636364
"28","JKSN HT-ROOSVLT","2017-08-05 12:00:00",3346.15962954607,3685.6745743248,3848.75,"2017-08-05 12:00:00",1026.44291333049,1130.08770211516,1091.75,"2017-08-05 12:00:00",50.1095886392853,54.0295083664602,56.1420454545455
"29","JKSN HT-ROOSVLT","2017-08-05 16:00:00",2322.1787905655,2211.7940116902,2356.75,"2017-08-05 16:00:00",1835.76376698991,1889.66052653438,1878.75,"2017-08-05 16:00:00",48.0782251522036,47.4458416506129,48.1306818181818
"30","JKSN HT-ROOSVLT","2017-08-05 20:00:00",2414.52564123572,2117.54253787645,2407.5,"2017-08-05 20:00:00",3194.55441606605,3259.0623628672,3521,"2017-08-05 20:00:00",63.7874341596464,61.6257311989451,67.3693181818182
"31","JKSN HT-ROOSVLT","2017-08-06 00:00:00",1161.79792716806,1309.38402617008,1080.25,"2017-08-06 00:00:00",1793.48664391322,1775.11164263149,1846.5,"2017-08-06 00:00:00",36.0510902947079,34.8539408369951,33.2585227272727
"32","JKSN HT-ROOSVLT","2017-08-06 04:00:00",331.704648302492,424.266040901393,276.5,"2017-08-06 04:00:00",1012.12654177845,716.67988907536,898.25,"2017-08-06 04:00:00",15.5249051088686,11.3694745893971,13.3494318181818
"33","JKSN HT-ROOSVLT","2017-08-06 08:00:00",1960.38687088279,2287.69867448784,2203.5,"2017-08-06 08:00:00",672.000562603761,671.229668855698,484,"2017-08-06 08:00:00",33.4141722325425,34.0984822543385,30.5397727272727
"34","JKSN HT-ROOSVLT","2017-08-06 12:00:00",2907.09766408662,3404.96528470997,3500,"2017-08-06 12:00:00",1065.29038020392,1162.2227193714,977,"2017-08-06 12:00:00",48.9242207807211,52.592690536295,50.875
"35","JKSN HT-ROOSVLT","2017-08-06 16:00:00",2057.78092858345,2203.4773226512,2352.25,"2017-08-06 16:00:00",1790.67175068316,1841.63919651,1881.25,"2017-08-06 16:00:00",47.524411624957,46.7631791808875,48.1079545454545
"36","JKSN HT-ROOSVLT","2017-08-06 20:00:00",2124.38276833109,2099.35850146193,2490.75,"2017-08-06 20:00:00",3008.53827997515,3066.54031487063,3397.75,"2017-08-06 20:00:00",61.9196160648639,59.6258644735371,66.9147727272727
"37","GRD CNTRL-42 ST","2017-08-05 00:00:00",2572.06126505322,2695.90792708267,2247.75,"2017-08-05 00:00:00",1474.6068459579,1733.52078866207,1053.25,"2017-08-05 00:00:00",26.7094518391608,28.1670692856989,25.0075757575758
"38","GRD CNTRL-42 ST","2017-08-05 04:00:00",679.848240005542,977.584989913114,353.75,"2017-08-05 04:00:00",378.435818742146,727.181403867688,219.25,"2017-08-05 04:00:00",7.53043842553753,14.4384348575236,4.34090909090909
"39","GRD CNTRL-42 ST","2017-08-05 08:00:00",1374.62185537992,1893.81631139716,1555.25,"2017-08-05 08:00:00",1953.20224754222,2276.77797823693,2212.25,"2017-08-05 08:00:00",23.458195757773,30.6247298532689,28.5416666666667
"40","GRD CNTRL-42 ST","2017-08-05 12:00:00",3750.9195551661,4313.91391676361,4581.5,"2017-08-05 12:00:00",5090.21481174963,5472.15685922443,5860.25,"2017-08-05 12:00:00",68.5844629214873,73.0173745480584,79.1041666666667
"41","GRD CNTRL-42 ST","2017-08-05 16:00:00",3830.37906932487,3697.38144225799,3724,"2017-08-05 16:00:00",3276.90265631184,2947.04344545005,3005.25,"2017-08-05 16:00:00",53.413793515451,53.2241616562369,50.9791666666667
"42","GRD CNTRL-42 ST","2017-08-05 20:00:00",6237.32608028883,7420.29543121011,7546.75,"2017-08-05 20:00:00",3939.67602165367,4585.27886702321,4852.25,"2017-08-05 20:00:00",77.6748417683883,90.2596935124866,93.9318181818182
"43","GRD CNTRL-42 ST","2017-08-06 00:00:00",3209.59911269545,2555.11723618953,2471.25,"2017-08-06 00:00:00",1818.17078221604,1816.88200730645,1237.5,"2017-08-06 00:00:00",37.8686529003121,26.4104229205388,28.0965909090909
"44","GRD CNTRL-42 ST","2017-08-06 04:00:00",1514.72231614561,1049.06892194825,380,"2017-08-06 04:00:00",887.287302863557,961.166080925418,147,"2017-08-06 04:00:00",18.7232922372546,16.3347222217473,3.99242424242424
"45","GRD CNTRL-42 ST","2017-08-06 08:00:00",2157.9830748362,1836.95772922279,1402.5,"2017-08-06 08:00:00",2171.06161982657,2209.21722561356,2032.5,"2017-08-06 08:00:00",32.0766055878525,27.1240902745975,26.0227272727273
"46","GRD CNTRL-42 ST","2017-08-06 12:00:00",4231.56439213072,3989.30518327653,3947.25,"2017-08-06 12:00:00",4654.20769989849,4680.55874796592,5502.5,"2017-08-06 12:00:00",76.232993688848,69.2068849284288,71.5890151515152
"47","GRD CNTRL-42 ST","2017-08-06 16:00:00",4309.8986428467,3437.68346075883,4183.25,"2017-08-06 16:00:00",3172.69520105918,2652.59142621698,3364,"2017-08-06 16:00:00",60.8382901235275,51.9015848216538,57.1761363636364
"48","GRD CNTRL-42 ST","2017-08-06 20:00:00",6431.31588800441,6717.56841894941,6874,"2017-08-06 20:00:00",3857.35617834752,4126.01741068256,4276.25,"2017-08-06 20:00:00",82.367684914813,82.7932147127274,84.4715909090909
"49","96 ST","2017-08-05 01:00:00",1021.03889921179,925.259152916567,861,"2017-08-05 01:00:00",1023.88661118671,1316.59591279563,1188,"2017-08-05 01:00:00",17.2187671143802,19.3334766487443,17.6637931034483
"50","96 ST","2017-08-05 05:00:00",348.59196507721,283.828131770538,100.25,"2017-08-05 05:00:00",216.602563634601,385.146807779845,141.75,"2017-08-05 05:00:00",4.77027462018901,6.51081455858945,2.08620689655172
"51","96 ST","2017-08-05 09:00:00",2346.55816158196,2698.24205718088,2846.75,"2017-08-05 09:00:00",1283.21419170726,1676.44805169502,1625.75,"2017-08-05 09:00:00",32.0848685927967,38.0662955636945,38.5560344827586
"52","96 ST","2017-08-05 13:00:00",2708.89987233226,2918.20305947302,2990.5,"2017-08-05 13:00:00",1592.95757216554,1974.08207628348,1678,"2017-08-05 13:00:00",37.3391485660951,42.0655337641182,40.2456896551724
"53","96 ST","2017-08-05 17:00:00",3028.28127256534,2991.34512871071,3087,"2017-08-05 17:00:00",2004.86703428526,2330.76670050005,2083.75,"2017-08-05 17:00:00",42.9433566113434,45.4173197869657,44.5754310344828
"54","96 ST","2017-08-05 21:00:00",2843.67109502731,2902.7149384787,3193,"2017-08-05 21:00:00",2416.65386017439,2880.81299709372,3139,"2017-08-05 21:00:00",45.2811233439097,49.6539668399982,54.5862068965517
"55","96 ST","2017-08-06 01:00:00",1142.22260998342,995.360666903826,962,"2017-08-06 01:00:00",1217.61819782555,1303.42297923349,1149,"2017-08-06 01:00:00",20.8279128977771,19.8039402905253,18.198275862069
"56","96 ST","2017-08-06 05:00:00",568.16690510494,457.877570123605,102.25,"2017-08-06 05:00:00",472.703350841354,434.498654172073,155.75,"2017-08-06 05:00:00",9.74194937673461,8.2918925014822,2.22413793103448
"57","96 ST","2017-08-06 09:00:00",2346.97083977297,2603.52374206633,2500,"2017-08-06 09:00:00",1475.14774279999,1639.51533126841,1462.75,"2017-08-06 09:00:00",34.4372690855508,36.9221251573857,34.1616379310345
"58","96 ST","2017-08-06 13:00:00",2696.81303653611,2829.08808972061,2774,"2017-08-06 13:00:00",1754.74235283533,1923.79087811203,1672,"2017-08-06 13:00:00",39.263825812853,40.6441625867442,38.3275862068966
"59","96 ST","2017-08-06 17:00:00",2967.4497814157,2872.95060816044,3186.5,"2017-08-06 17:00:00",2142.91004376493,2255.04161208469,2194,"2017-08-06 17:00:00",44.4247695634191,43.67530258762,46.3836206896552
"60","96 ST","2017-08-06 21:00:00",2815.22178910991,2811.03926638452,2923.25,"2017-08-06 21:00:00",2496.78964279969,2747.74704841708,2449.75,"2017-08-06 21:00:00",46.3339773459388,47.3797598960853,46.3189655172414
"61","34 ST-PENN STA","2017-08-05 02:00:00",586.76933973312,1167.84161249995,852.5,"2017-08-05 02:00:00",560.281282130079,581.580680778949,436.5,"2017-08-05 02:00:00",18.9878453079345,21.7891550289035,15.3452380952381
"62","34 ST-PENN STA","2017-08-05 06:00:00",258.407241709637,514.366569999353,190.25,"2017-08-05 06:00:00",264.789971940827,361.419730438354,150.25,"2017-08-05 06:00:00",9.71543022792591,11.3882415704697,4.05357142857143
"63","34 ST-PENN STA","2017-08-05 10:00:00",3447.56126418544,4088.68491235026,4852.5,"2017-08-05 10:00:00",1417.24582725093,1499.85182456324,1649.75,"2017-08-05 10:00:00",62.8304370822231,68.7926190729284,77.4077380952381
"64","34 ST-PENN STA","2017-08-05 14:00:00",1690.4966021537,2011.15306709865,2112.75,"2017-08-05 14:00:00",1585.76146745044,1444.81872841175,1369.5,"2017-08-05 14:00:00",43.0739829401286,42.8663263560258,41.4553571428571
"65","34 ST-PENN STA","2017-08-05 18:00:00",2366.90842358328,2320.76361155615,2655,"2017-08-05 18:00:00",3255.43527350057,3228.10389264666,3280,"2017-08-05 18:00:00",69.0859221279167,66.8305556968939,70.6547619047619
"66","34 ST-PENN STA","2017-08-05 22:00:00",1768.69644728963,1920.60782488727,2255.25,"2017-08-05 22:00:00",1752.37438314531,1970.14707399682,1969.5,"2017-08-05 22:00:00",44.8790469309307,48.6912155425007,50.2946428571429
"67","34 ST-PENN STA","2017-08-06 02:00:00",640.819520114889,1098.04819867022,634,"2017-08-06 02:00:00",705.207737605747,586.956393443758,507.75,"2017-08-06 02:00:00",23.8693834058944,22.9978095298056,13.5922619047619
"68","34 ST-PENN STA","2017-08-06 06:00:00",435.975150627832,615.520192724636,175.25,"2017-08-06 06:00:00",500.815274150462,437.016354140993,162.75,"2017-08-06 06:00:00",17.2686250187427,15.6302157726898,4.02380952380952
"69","34 ST-PENN STA","2017-08-06 10:00:00",2801.81669068602,3204.13697724781,4414.5,"2017-08-06 10:00:00",1510.28645630153,1448.42005317363,1520.25,"2017-08-06 10:00:00",61.0678733720836,62.6776031366981,70.6517857142857
"70","34 ST-PENN STA","2017-08-06 14:00:00",1556.5163509349,1689.01120970606,2037,"2017-08-06 14:00:00",1687.99438750477,1408.91514337803,1617.75,"2017-08-06 14:00:00",45.2734407412955,41.8895026694128,43.5089285714286
"71","34 ST-PENN STA","2017-08-06 18:00:00",2094.76806594788,1913.69637511065,2824.5,"2017-08-06 18:00:00",3201.27729207898,3027.9328447753,3618,"2017-08-06 18:00:00",66.4825312516997,61.1789005177489,76.6964285714286
"72","34 ST-PENN STA","2017-08-06 22:00:00",1700.03973180852,1631.39953524109,2108.5,"2017-08-06 22:00:00",1826.29563339872,1882.11308261243,1756,"2017-08-06 22:00:00",46.6838991996299,46.6547102892943,46.0059523809524
"73","50 ST","2017-08-05 00:00:00",2296.3707943878,2556.23839651102,2032.75,"2017-08-05 00:00:00",1077.67517625057,938.701492313198,818.75,"2017-08-05 00:00:00",22.7229575496466,24.1032837678414,19.8020833333333
"74","50 ST","2017-08-05 04:00:00",554.466912023495,696.560120448545,348.5,"2017-08-05 04:00:00",410.937799112392,342.966904813287,124.75,"2017-08-05 04:00:00",5.98729275745419,7.84695236442119,3.28645833333333
"75","50 ST","2017-08-05 08:00:00",578.929304533866,766.755114265077,496,"2017-08-05 08:00:00",1234.91628240977,1313.02791285154,1205.25,"2017-08-05 08:00:00",11.7475651346744,13.5775745434146,11.8142361111111
"76","50 ST","2017-08-05 12:00:00",1901.00970203672,1948.35012824126,2021.75,"2017-08-05 12:00:00",2691.6611282823,3268.56661474357,3662.75,"2017-08-05 12:00:00",32.7171073894506,36.6805457106529,39.4756944444444
"77","50 ST","2017-08-05 16:00:00",2551.83066574465,2191.95666890659,2266.25,"2017-08-05 16:00:00",1742.32416895542,1898.92635520823,1633,"2017-08-05 16:00:00",28.5683264116182,26.640118785305,27.078125
"78","50 ST","2017-08-05 20:00:00",4301.93556880976,5372.68676399422,5085.5,"2017-08-05 20:00:00",2211.57002462896,2071.19469509062,2439.75,"2017-08-05 20:00:00",45.3187550846539,51.2366179526336,52.2586805555556
"79","50 ST","2017-08-06 00:00:00",2381.37253486509,2591.61633686379,2262.25,"2017-08-06 00:00:00",1141.88475554317,1083.36736920244,895,"2017-08-06 00:00:00",26.723258234306,23.1681017678943,21.9253472222222
"80","50 ST","2017-08-06 04:00:00",870.626439774214,792.636784521719,430.25,"2017-08-06 04:00:00",614.191330330639,589.700951135316,144.5,"2017-08-06 04:00:00",11.4671575816091,8.39742913608511,3.99131944444444
"81","50 ST","2017-08-06 08:00:00",888.335090914665,934.228490934584,467.5,"2017-08-06 08:00:00",1227.74023379155,1295.30428776007,1164.25,"2017-08-06 08:00:00",16.7002463654007,13.5954809822772,11.3315972222222
"82","50 ST","2017-08-06 12:00:00",2036.52721511878,1815.58493040042,1917.25,"2017-08-06 12:00:00",2388.72069189678,2774.27670125232,3096.25,"2017-08-06 12:00:00",35.804212868833,34.6128438198793,34.8159722222222
"83","50 ST","2017-08-06 16:00:00",2580.57155524327,2154.98369100328,2647.5,"2017-08-06 16:00:00",1593.83260341416,1762.24408160892,1709,"2017-08-06 16:00:00",32.0234208133536,25.4656370561215,30.2534722222222
"84","50 ST","2017-08-06 20:00:00",4080.43083063088,4723.52215476851,4555.25,"2017-08-06 20:00:00",2007.33544283728,1931.66168955454,2429.25,"2017-08-06 20:00:00",47.2923495402979,47.8648381929647,48.5034722222222
"85","FULTON ST","2017-08-05 01:00:00",1165.38463158494,1853.57837084692,1241,"2017-08-05 01:00:00",569.676274689624,887.806405970227,459.75,"2017-08-05 01:00:00",8.948292655162,14.5686961314172,8.50375
"86","FULTON ST","2017-08-05 05:00:00",108.777151745596,307.73144840945,80,"2017-08-05 05:00:00",427.467208757014,490.395962459604,73,"2017-08-05 05:00:00",1.57044567156526,3.9649236641504,0.765
"87","FULTON ST","2017-08-05 09:00:00",1458.7752067048,2208.18219075711,1909,"2017-08-05 09:00:00",2849.10910796452,3495.52920866108,3639,"2017-08-05 09:00:00",21.2086227064682,30.0073011879276,27.74
"88","FULTON ST","2017-08-05 13:00:00",2061.42742335848,2235.28852297823,2284.5,"2017-08-05 13:00:00",2635.75886796367,2817.54797523511,3582.75,"2017-08-05 13:00:00",24.3221866878936,26.3729932295933,29.33625
"89","FULTON ST","2017-08-05 17:00:00",4136.93132593031,4007.47335154284,4220.5,"2017-08-05 17:00:00",1996.81837392618,1871.25835500256,2104,"2017-08-05 17:00:00",29.4455111486963,29.2657925238279,31.6225
"90","FULTON ST","2017-08-05 21:00:00",5018.56440814019,6423.30677337664,7093,"2017-08-05 21:00:00",1960.4310028617,2342.63255133419,2304.25,"2017-08-05 21:00:00",35.5084476213047,42.4939741850005,46.98625
"91","FULTON ST","2017-08-06 01:00:00",2079.20977564182,1826.27176351005,1419,"2017-08-06 01:00:00",787.473496097165,1067.44695596881,464,"2017-08-06 01:00:00",17.4995385262858,12.5427405908185,9.415
"92","FULTON ST","2017-08-06 05:00:00",1229.38897701682,360.11923281042,106.75,"2017-08-06 05:00:00",720.643560989107,773.215281703591,66.5,"2017-08-06 05:00:00",11.045205687777,3.33348209438095,0.86625
"93","FULTON ST","2017-08-06 09:00:00",2367.40986406007,2081.75134683872,1798.25,"2017-08-06 09:00:00",2482.14145769323,2904.98582053616,3287.25,"2017-08-06 09:00:00",29.2766590486679,26.5739345281623,25.4275
"94","FULTON ST","2017-08-06 13:00:00",2935.21457135146,2049.97569225084,2230.75,"2017-08-06 13:00:00",2404.82130632276,2509.30887486981,3114.75,"2017-08-06 13:00:00",31.7729293887359,23.8546181689347,26.7275
"95","FULTON ST","2017-08-06 17:00:00",4732.45221057783,3630.44060913141,4762.5,"2017-08-06 17:00:00",1877.82429198794,1788.79675649558,2168.75,"2017-08-06 17:00:00",36.5633803130318,26.3778545668147,34.65625
"96","FULTON ST","2017-08-06 21:00:00",5525.3318781943,5718.74022418421,5603.75,"2017-08-06 21:00:00",1827.54899244913,2030.4967800622,2047.75,"2017-08-06 21:00:00",41.9478707840521,38.532855859615,38.2575
"97","145 ST","2017-08-05 00:00:00",979.566888374097,871.167123943856,628.5,"2017-08-05 00:00:00",1566.09354302799,1602.91670412323,1495.75,"2017-08-05 00:00:00",36.8338368710424,31.8688159788831,27.9506578947368
"98","145 ST","2017-08-05 04:00:00",216.793534381458,182.605529552157,74,"2017-08-05 04:00:00",378.417223018173,434.78556721201,288.5,"2017-08-05 04:00:00",10.6262447097046,8.69698139624157,4.76973684210526
"99","145 ST","2017-08-05 08:00:00",1432.80096621604,1546.93757551837,1429.25,"2017-08-05 08:00:00",430.693953841334,454.347722723671,377.25,"2017-08-05 08:00:00",20.9591202741322,22.4342039260968,23.7697368421053
"100","145 ST","2017-08-05 12:00:00",2591.47091528924,2957.13377494867,NA,"2017-08-05 12:00:00",910.333590972612,1058.70972796787,NA,"2017-08-05 12:00:00",46.2211659134399,50.9045425003171,NA
"101","145 ST","2017-08-05 16:00:00",1684.80679286839,1939.25225086249,2316.375,"2017-08-05 16:00:00",1243.97075865075,1553.32958444437,1137.125,"2017-08-05 16:00:00",40.7319401605134,44.8059920116499,22.7203947368421
"102","145 ST","2017-08-05 20:00:00",1876.30192209401,1827.81244310953,1805.5,"2017-08-05 20:00:00",2159.1615560107,2303.10082344843,2432.5,"2017-08-05 20:00:00",51.0182235990634,52.3118798463626,55.7631578947368
"103","145 ST","2017-08-06 00:00:00",974.825571475589,970.790263253162,744.75,"2017-08-06 00:00:00",1584.03147682059,1546.95449732287,1637.75,"2017-08-06 00:00:00",35.1995433005246,31.612978154448,31.3486842105263
"104","145 ST","2017-08-06 04:00:00",260.556982736444,324.781564397829,94.5,"2017-08-06 04:00:00",505.51573837233,486.715746833153,324.25,"2017-08-06 04:00:00",15.5660129022136,10.1855846588999,5.50986842105263
"105","145 ST","2017-08-06 08:00:00",1360.52609928033,1529.07015333632,1351,"2017-08-06 08:00:00",553.055696558142,504.181294758582,378.75,"2017-08-06 08:00:00",24.5272275110494,22.8890367628761,22.7598684210526
"106","145 ST","2017-08-06 12:00:00",2323.59212911046,2700.54493429639,2633,"2017-08-06 12:00:00",988.692284258251,1052.3004332697,905.25,"2017-08-06 12:00:00",44.1059409730106,49.2167462264262,46.5559210526316
"107","145 ST","2017-08-06 16:00:00",1659.74232413728,1867.70078155415,1819.25,"2017-08-06 16:00:00",1291.71547039428,1500.93279296233,1271.75,"2017-08-06 16:00:00",41.4402155891367,43.5771656550907,40.6710526315789
"108","145 ST","2017-08-06 20:00:00",1696.75864611287,1674.75152974141,1860.25,"2017-08-06 20:00:00",2122.89062521509,2181.07264345182,2279,"2017-08-06 20:00:00",52.9619472014741,50.5181707550508,54.4638157894737
"109","116 ST","2017-08-05 01:00:00",774.804088810575,623.501100504178,506.75,"2017-08-05 01:00:00",511.597376644547,556.612126981401,450.5,"2017-08-05 01:00:00",13.8460003670624,12.1522160809826,10.8778409090909
"110","116 ST","2017-08-05 05:00:00",346.793043398309,218.14051429834,90.75,"2017-08-05 05:00:00",149.076110984919,185.138573241617,80.25,"2017-08-05 05:00:00",5.116000033931,4.91590966240167,1.94318181818182
"111","116 ST","2017-08-05 09:00:00",1730.5922906694,1995.72100851718,2016.25,"2017-08-05 09:00:00",512.947654341079,560.803312991425,566.25,"2017-08-05 09:00:00",26.1634143114973,28.9620550384993,29.3465909090909
"112","116 ST","2017-08-05 13:00:00",1648.41657815814,1793.06221671888,1859,"2017-08-05 13:00:00",672.751486581394,649.460415164499,675.75,"2017-08-05 13:00:00",27.3757355153835,28.5397766446741,28.8039772727273
"113","116 ST","2017-08-05 17:00:00",1896.36682042763,1832.54103307705,1924.5,"2017-08-05 17:00:00",990.151135419116,934.018994306863,967.5,"2017-08-05 17:00:00",33.5648163006862,31.8127004874661,32.8636363636364
"114","116 ST","2017-08-05 21:00:00",1866.66541511234,1623.61616636588,1778,"2017-08-05 21:00:00",1079.34255206312,1103.66160286352,1191.5,"2017-08-05 21:00:00",34.0883144684786,31.8009845264517,33.7443181818182
"115","116 ST","2017-08-06 01:00:00",797.112469665051,763.067420857415,538.25,"2017-08-06 01:00:00",523.898201405314,567.113308897762,497.75,"2017-08-06 01:00:00",13.8827791008337,13.3589550777534,11.7727272727273
"116","116 ST","2017-08-06 05:00:00",447.814558997181,410.081165294377,98,"2017-08-06 05:00:00",181.151450472219,247.374310694217,85.75,"2017-08-06 05:00:00",6.28517706078883,7.25508257531173,2.08806818181818
"117","116 ST","2017-08-06 09:00:00",1603.91938257251,1890.57389241191,1801.25,"2017-08-06 09:00:00",521.378770672343,567.165158222356,522,"2017-08-06 09:00:00",24.9593343391521,28.134600803184,26.4005681818182
"118","116 ST","2017-08-06 13:00:00",1517.2002597668,1718.70118428038,1744.25,"2017-08-06 13:00:00",675.323625839248,639.558021997449,677,"2017-08-06 13:00:00",25.9645287912865,27.891925259143,27.5142045454545
"119","116 ST","2017-08-06 17:00:00",1711.24142887761,1754.97825221158,1995.75,"2017-08-06 17:00:00",970.991174248528,875.332560398636,1025.75,"2017-08-06 17:00:00",31.204207565232,30.765462084328,34.3352272727273
"120","116 ST","2017-08-06 21:00:00",1680.10163063419,1584.96017340125,1936.25,"2017-08-06 21:00:00",1053.08297856157,1004.91305910347,1123.75,"2017-08-06 21:00:00",31.5992532048152,30.4610736100194,34.7727272727273
"121","ATL AV-BARCLAY","2017-08-05 00:00:00",1409.67150301957,2051.99211354505,2069,"2017-08-05 00:00:00",1165.15276534828,1623.22395162012,1517.25,"2017-08-05 00:00:00",14.1419729045529,17.2054325353038,18.6783854166667
"122","ATL AV-BARCLAY","2017-08-05 04:00:00",438.684273763379,451.036718920306,301.25,"2017-08-05 04:00:00",339.536606223447,296.803366600872,227.75,"2017-08-05 04:00:00",3.77548830404417,4.53216422734246,2.75520833333333
"123","ATL AV-BARCLAY","2017-08-05 08:00:00",684.558643690787,746.155748195677,654.5,"2017-08-05 08:00:00",585.182561093136,746.689535304261,562,"2017-08-05 08:00:00",6.4964852685879,7.44208768712189,6.3359375
"124","ATL AV-BARCLAY","2017-08-05 12:00:00",1745.85281614144,1983.1787079142,2150.75,"2017-08-05 12:00:00",1294.2382183369,1170.08952817883,1279.5,"2017-08-05 12:00:00",16.1577099174034,17.2432971172789,17.8658854166667
"125","ATL AV-BARCLAY","2017-08-05 16:00:00",1830.37004043903,1611.3322299383,1721.75,"2017-08-05 16:00:00",2212.96537687867,1865.62495774175,1965.5,"2017-08-05 16:00:00",20.3211403889388,17.9075902925342,19.2044270833333
"126","ATL AV-BARCLAY","2017-08-05 20:00:00",2632.56238256578,2329.62768491069,2704.25,"2017-08-05 20:00:00",3597.05387258253,4703.51577865402,4250,"2017-08-05 20:00:00",32.6355316213858,36.8528615862938,36.2200520833333
"127","ATL AV-BARCLAY","2017-08-06 00:00:00",1527.30902830796,1926.01132545914,1209,"2017-08-06 00:00:00",1222.72985994886,1667.50567445707,1109.75,"2017-08-06 00:00:00",15.2419995023789,17.0332703744052,12.0768229166667
"128","ATL AV-BARCLAY","2017-08-06 04:00:00",695.981676174911,561.082361312732,182.5,"2017-08-06 04:00:00",462.098828308882,329.233436849413,293.75,"2017-08-06 04:00:00",6.11752283764505,5.00001631971474,2.48046875
"129","ATL AV-BARCLAY","2017-08-06 08:00:00",906.725965337316,815.724430411532,528.75,"2017-08-06 08:00:00",689.034894598679,841.08243037541,517.25,"2017-08-06 08:00:00",8.6012822861612,7.70165430215191,5.44791666666667
"130","ATL AV-BARCLAY","2017-08-06 12:00:00",1815.5456984864,1874.74536969172,1800.5,"2017-08-06 12:00:00",1341.25373954616,1148.47704362884,1297.5,"2017-08-06 12:00:00",17.4684216223504,16.7554631763003,16.1354166666667
"131","ATL AV-BARCLAY","2017-08-06 16:00:00",1888.8693060472,1559.4101665845,1915.25,"2017-08-06 16:00:00",2187.44400720704,1861.80176511095,2287.75,"2017-08-06 16:00:00",21.5363663587696,17.3576868439121,21.890625
"132","ATL AV-BARCLAY","2017-08-06 20:00:00",2576.19883471128,2174.92492096492,2860.5,"2017-08-06 20:00:00",3461.1449125038,4420.25695648745,3793,"2017-08-06 20:00:00",32.6566840945673,34.8102102786119,34.6536458333333
"133","W 4 ST-WASH SQ","2017-08-05 01:00:00",1890.77242461164,1007.72135248957,1808.25,"2017-08-05 01:00:00",811.103986564856,765.155392650554,599,"2017-08-05 01:00:00",37.4951417138296,30.1774913034145,31.6743421052632
"134","W 4 ST-WASH SQ","2017-08-05 05:00:00",352.578164730491,63.0112759994624,185.75,"2017-08-05 05:00:00",244.826745024377,249.24912198999,91.75,"2017-08-05 05:00:00",8.91989313599584,7.07516636052787,3.65131578947368
"135","W 4 ST-WASH SQ","2017-08-05 09:00:00",865.142534625363,596.904650110392,1045.75,"2017-08-05 09:00:00",1412.3627811676,1586.00027148221,1538.25,"2017-08-05 09:00:00",32.2975354309513,34.4662658249069,34
"136","W 4 ST-WASH SQ","2017-08-05 13:00:00",1290.24329870822,1277.05662259743,1390,"2017-08-05 13:00:00",2149.42754929671,2185.25580165523,2008.5,"2017-08-05 13:00:00",45.7602488099493,46.4315915833383,44.7171052631579
"137","W 4 ST-WASH SQ","2017-08-05 17:00:00",2322.49463385057,1863.31185676784,2292.25,"2017-08-05 17:00:00",2087.01116630039,1603.48764046529,1870,"2017-08-05 17:00:00",58.2372025678993,47.3428786178844,54.7664473684211
"138","W 4 ST-WASH SQ","2017-08-05 21:00:00",2918.86106391147,1793.37732704665,3172.75,"2017-08-05 21:00:00",2573.57209192473,2334.12696379385,2694.75,"2017-08-05 21:00:00",71.863401202445,57.5832490148107,77.203947368421
"139","W 4 ST-WASH SQ","2017-08-06 01:00:00",2035.33815157131,951.594696402586,2006,"2017-08-06 01:00:00",806.495421688607,830.273197154954,703.75,"2017-08-06 01:00:00",37.0786240116375,31.4101501347718,35.6546052631579
"140","W 4 ST-WASH SQ","2017-08-06 05:00:00",588.674462762848,79.9460014966153,248.5,"2017-08-06 05:00:00",289.763526478471,358.033227667529,91,"2017-08-06 05:00:00",11.0904121366158,10.4311201084981,4.46710526315789
"141","W 4 ST-WASH SQ","2017-08-06 09:00:00",1072.43329041473,604.277125946972,898.75,"2017-08-06 09:00:00",1365.78321902803,1584.82176784021,1358.5,"2017-08-06 09:00:00",32.2564066197383,35.1090645517623,29.7006578947368
"142","W 4 ST-WASH SQ","2017-08-06 13:00:00",1470.56607395885,1241.96904985151,1280.5,"2017-08-06 13:00:00",2044.62970266678,2134.72801675429,2240,"2017-08-06 13:00:00",44.5915005362388,45.9377860244921,46.3223684210526
"143","W 4 ST-WASH SQ","2017-08-06 17:00:00",2442.30780300545,1804.44216356312,2415.25,"2017-08-06 17:00:00",1987.25731435084,1600.96715039674,2203.5,"2017-08-06 17:00:00",56.0225169780712,46.6761967865829,60.7730263157895
"144","W 4 ST-WASH SQ","2017-08-06 21:00:00",3002.47696986443,1738.95423195539,3033.25,"2017-08-06 21:00:00",2435.19529716318,2271.34660557497,2683.5,"2017-08-06 21:00:00",68.2369316270253,55.586624962031,75.2203947368421
"145","14 ST","2017-08-05 00:00:00",1795.5549774909,1660.93648426617,1661.75,"2017-08-05 00:00:00",833.40217117775,819.699996297362,634.75,"2017-08-05 00:00:00",18.759328110551,18.7413720323372,17.3977272727273
"146","14 ST","2017-08-05 04:00:00",340.933261404377,374.965143927247,200.75,"2017-08-05 04:00:00",201.622822026769,277.424364471412,97.75,"2017-08-05 04:00:00",4.46816048867514,4.98732780827041,2.26136363636364
"147","14 ST","2017-08-05 08:00:00",358.197991982945,443.173714598299,330.5,"2017-08-05 08:00:00",669.818728414284,782.410931641166,658.25,"2017-08-05 08:00:00",8.35963030709506,9.40692327171151,7.4905303030303
"148","14 ST","2017-08-05 12:00:00",1308.24546623258,1530.29045779694,1545,"2017-08-05 12:00:00",2049.17432376856,2368.90346757153,2485.5,"2017-08-05 12:00:00",26.1125831922329,29.0941006592257,30.5340909090909
"149","14 ST","2017-08-05 16:00:00",1765.41603556585,1569.93370340547,1730.25,"2017-08-05 16:00:00",1617.35761773597,1444.42371200707,1578.25,"2017-08-05 16:00:00",25.4335679808684,22.9670765577834,25.0643939393939
"150","14 ST","2017-08-05 20:00:00",3051.8250492612,3282.86435721623,3534,"2017-08-05 20:00:00",2002.31375636791,2212.45997389674,2341,"2017-08-05 20:00:00",38.3883384823384,40.5650966191887,44.5075757575758
"151","14 ST","2017-08-06 00:00:00",1903.85168385323,1595.30854868998,1826.75,"2017-08-06 00:00:00",966.615941896607,847.927095744074,720.75,"2017-08-06 00:00:00",19.306594251166,18.3875513700149,19.2992424242424
"152","14 ST","2017-08-06 04:00:00",587.246289353906,436.293887722647,251,"2017-08-06 04:00:00",422.378262388582,383.725923309314,103,"2017-08-06 04:00:00",6.54871230642638,6.30002769093506,2.68181818181818
"153","14 ST","2017-08-06 08:00:00",603.28939497686,500.32459831473,289.75,"2017-08-06 08:00:00",818.508272234758,798.573310836382,629.75,"2017-08-06 08:00:00",10.0177701523479,10.2931652884755,6.96590909090909
"154","14 ST","2017-08-06 12:00:00",1463.9449248603,1484.24694914338,1346.25,"2017-08-06 12:00:00",2027.96880175453,2146.31439625464,2192.5,"2017-08-06 12:00:00",25.8559798521187,27.8314547258226,26.8087121212121
"155","14 ST","2017-08-06 16:00:00",1877.92798967667,1519.98128186158,1851.25,"2017-08-06 16:00:00",1643.87545304669,1374.30255299404,1689,"2017-08-06 16:00:00",25.2496295417865,22.3921649426599,26.8200757575758
"156","14 ST","2017-08-06 20:00:00",3043.21857568959,3068.70892742913,3268.75,"2017-08-06 20:00:00",1979.08301066489,2002.08609153536,2124.75,"2017-08-06 20:00:00",36.8078544791639,38.0507214695628,40.8598484848485
"157","8 AV","2017-08-05 01:00:00",1226.35747881893,1177.56489351572,1021.75,"2017-08-05 01:00:00",859.075127314815,885.694025281,667,"2017-08-05 01:00:00",35.5186309903141,32.2244743239929,28.1458333333333
"158","8 AV","2017-08-05 05:00:00",394.262230260705,355.822630240215,166.75,"2017-08-05 05:00:00",141.225341154225,223.71955158936,87.5,"2017-08-05 05:00:00",8.76954566435464,8.46086945773936,4.2375
"159","8 AV","2017-08-05 09:00:00",857.159153496668,1062.70296474578,1011.5,"2017-08-05 09:00:00",892.421977036138,996.798126631829,1021.5,"2017-08-05 09:00:00",30.1882420310633,34.9384145932153,33.8833333333333
"160","8 AV","2017-08-05 13:00:00",1465.08715832337,1505.36004562839,1485.25,"2017-08-05 13:00:00",1601.08288845947,1667.6844119739,1711.25,"2017-08-05 13:00:00",49.5198250321136,49.9969612659812,53.275
"161","8 AV","2017-08-05 17:00:00",2341.64111360018,2088.79349103632,2180.5,"2017-08-05 17:00:00",1648.70926166479,1521.72071209063,1558.25,"2017-08-05 17:00:00",65.5283761894451,57.6058152187156,62.3125
"162","8 AV","2017-08-05 21:00:00",2624.07518051133,2563.08953846086,2913.5,"2017-08-05 21:00:00",1947.90836513322,1734.70489169691,2120.25,"2017-08-05 21:00:00",74.9625222190934,70.595609193489,83.8958333333333
"163","8 AV","2017-08-06 01:00:00",1204.51515827124,1205.30976378172,1313.75,"2017-08-06 01:00:00",804.792514529816,877.489054280547,759.75,"2017-08-06 01:00:00",33.6789890042055,32.6557372885621,34.5583333333333
"164","8 AV","2017-08-06 05:00:00",439.929818796693,446.131529896997,222.5,"2017-08-06 05:00:00",138.728423008489,289.762774751614,105,"2017-08-06 05:00:00",9.44007211038324,10.0169936016923,5.45833333333333
"165","8 AV","2017-08-06 09:00:00",868.892617782888,1097.43808373478,898.25,"2017-08-06 09:00:00",850.751526638385,991.807917726305,843.75,"2017-08-06 09:00:00",28.8389657229574,35.1417745128751,29.0333333333333
"166","8 AV","2017-08-06 13:00:00",1429.55097905594,1504.64596219172,1415.25,"2017-08-06 13:00:00",1495.97801739441,1605.19427201343,1623.75,"2017-08-06 13:00:00",46.2836261915921,49.5577871662312,50.65
"167","8 AV","2017-08-06 17:00:00",2243.01109241068,2043.10247666662,2443.75,"2017-08-06 17:00:00",1552.13037347321,1486.66850359338,1652,"2017-08-06 17:00:00",60.7772335432775,57.0146168791032,68.2625
"168","8 AV","2017-08-06 21:00:00",2502.44385456295,2480.3367825849,2702.75,"2017-08-06 21:00:00",1854.06737804069,1707.81633048673,2026.25,"2017-08-06 21:00:00",69.2882055160796,68.8514221946783,78.8166666666667
"169","7 AV","2017-08-05 01:00:00",1156.52240282111,1398.75954028431,988.75,"2017-08-05 01:00:00",690.212014864882,914.547485137865,650.75,"2017-08-05 01:00:00",17.4098556005312,21.7382218878292,15.7644230769231
"170","7 AV","2017-08-05 05:00:00",367.967642082785,442.791956273827,69.5,"2017-08-05 05:00:00",297.347960061162,340.938507395612,81.75,"2017-08-05 05:00:00",6.09607720251638,7.32204112961513,1.45432692307692
"171","7 AV","2017-08-05 09:00:00",1375.37419238082,1921.32995792212,1820.25,"2017-08-05 09:00:00",1838.4113429274,2190.15649536663,2072.25,"2017-08-05 09:00:00",31.5493707980216,36.1010221870577,37.4278846153846
"172","7 AV","2017-08-05 13:00:00",1853.4644208093,1990.62433959068,1940.25,"2017-08-05 13:00:00",1869.57394770641,1984.26582720259,2121.75,"2017-08-05 13:00:00",34.9972207458897,37.0204865999559,39.0576923076923
"173","7 AV","2017-08-05 17:00:00",2363.21061918838,2347.3656772569,2134.5,"2017-08-05 17:00:00",1806.27735025321,1776.98930192742,1634.25,"2017-08-05 17:00:00",36.6975695016839,34.5096877707342,36.2379807692308
"174","7 AV","2017-08-05 21:00:00",2542.94349549055,3085.04674050746,2980.5,"2017-08-05 21:00:00",1977.41744563394,2382.97365432946,2495.5,"2017-08-05 21:00:00",42.2785620480647,48.5694832351497,52.6538461538462
"175","7 AV","2017-08-06 01:00:00",1239.33300255194,1387.81411004443,1007.75,"2017-08-06 01:00:00",812.091731276974,1056.81376593192,700.75,"2017-08-06 01:00:00",18.8943965632669,22.1146099971278,16.4278846153846
"176","7 AV","2017-08-06 05:00:00",640.805562624035,633.836064584917,86.5,"2017-08-06 05:00:00",505.049469069138,541.719792736955,88.5,"2017-08-06 05:00:00",9.43314173283589,10.4173442296311,1.68269230769231
"177","7 AV","2017-08-06 09:00:00",1449.51163615607,1784.57521814689,1421.5,"2017-08-06 09:00:00",1688.23325366798,1965.15650047459,1951.25,"2017-08-06 09:00:00",30.5388476517055,34.2315694851708,32.4302884615385
"178","7 AV","2017-08-06 13:00:00",1888.7777057516,1921.43189160627,1873.5,"2017-08-06 13:00:00",1828.50251252748,1904.49253270004,1982.25,"2017-08-06 13:00:00",33.3920977865287,35.0160820367491,37.0745192307692
"179","7 AV","2017-08-06 17:00:00",2186.5520682054,2050.16897802992,2383.75,"2017-08-06 17:00:00",1612.13078612217,1552.30223386708,1773.5,"2017-08-06 17:00:00",34.8003931966748,32.9540903969523,39.9735576923077
"180","7 AV","2017-08-06 21:00:00",2400.50608968626,2700.76752608498,2623,"2017-08-06 21:00:00",1882.27227680136,2158.83842430838,2092.25,"2017-08-06 21:00:00",39.4323996751919,44.5569592836307,45.3389423076923
"181","42 ST-PORT AUTH","2017-08-04 22:00:00",2209.07009566747,2352.99573834416,2137.75,"2017-08-04 22:00:00",1576.29474685994,1494.37951981656,1454,"2017-08-04 22:00:00",51.5567001360033,49.5855433031201,47.2598684210526
"182","42 ST-PORT AUTH","2017-08-05 02:00:00",1413.63426764613,1317.8186031622,1359.25,"2017-08-05 02:00:00",480.369234705683,505.878544141414,366.75,"2017-08-05 02:00:00",20.9512700812967,23.0935867047417,22.7105263157895
"183","42 ST-PORT AUTH","2017-08-05 06:00:00",174.241717319586,316.173852554393,185.75,"2017-08-05 06:00:00",192.949424053109,327.317766795437,180.25,"2017-08-05 06:00:00",5.848733669649,8.51571977236635,4.81578947368421
"184","42 ST-PORT AUTH","2017-08-05 10:00:00",995.873184732354,1015.60372226969,955.25,"2017-08-05 10:00:00",1641.47254719246,1653.34936722453,1673.75,"2017-08-05 10:00:00",33.0553637607525,35.3265272419871,34.5921052631579
"185","42 ST-PORT AUTH","2017-08-05 14:00:00",1124.91950383647,1104.99058515587,1301.25,"2017-08-05 14:00:00",1388.80754820738,1599.38693540965,1378.5,"2017-08-05 14:00:00",19.9631851094942,22.2388891448882,35.2598684210526
"186","42 ST-PORT AUTH","2017-08-05 18:00:00",2355.84961913981,2417.18310756817,NA,"2017-08-05 18:00:00",1779.07422705013,1706.06368106366,NA,"2017-08-05 18:00:00",52.9500616083696,53.3397471749731,NA
"187","42 ST-PORT AUTH","2017-08-05 22:00:00",2103.6726875026,2262.77392215801,NA,"2017-08-05 22:00:00",1365.56496071004,1476.85530140312,NA,"2017-08-05 22:00:00",47.6066760181213,48.4626219984556,NA
"188","42 ST-PORT AUTH","2017-08-06 02:00:00",1384.77160528764,1307.77572992325,NA,"2017-08-06 02:00:00",390.185105612452,603.066014012101,NA,"2017-08-06 02:00:00",17.7280379566552,24.3511216808122,NA
"189","42 ST-PORT AUTH","2017-08-06 06:00:00",296.096220307033,439.046371614098,52.75,"2017-08-06 06:00:00",134.379862657863,444.659316936012,44.75,"2017-08-06 06:00:00",5.01575251401763,10.9963584265103,0.320723684210526
"190","42 ST-PORT AUTH","2017-08-06 10:00:00",1015.02199704578,1052.86738765849,NA,"2017-08-06 10:00:00",1423.57355976257,1621.02227999966,NA,"2017-08-06 10:00:00",29.1889623526906,35.6361314003327,NA
"191","42 ST-PORT AUTH","2017-08-06 14:00:00",1164.46339935718,1150.12831259792,1148.75,"2017-08-06 14:00:00",1198.70029471279,1573.15056549752,1388.5,"2017-08-06 14:00:00",17.8407383968339,23.6139356937596,16.6924342105263
"192","42 ST-PORT AUTH","2017-08-06 18:00:00",2164.2366430726,2269.74357288024,2373.75,"2017-08-06 18:00:00",1546.03982595342,1667.78675107055,1827,"2017-08-06 18:00:00",47.7379250058163,52.1873492677214,55.2730263157895
"193","103 ST","2017-08-05 01:00:00",571.782167684829,524.031902052473,466.75,"2017-08-05 01:00:00",702.041596867226,776.676189426787,623.25,"2017-08-05 01:00:00",19.5186307870466,20.9820627014203,18.1666666666667
"194","103 ST","2017-08-05 05:00:00",253.572236844695,280.152009208299,47,"2017-08-05 05:00:00",249.447268930556,292.514162035591,101.75,"2017-08-05 05:00:00",6.16696611105759,7.38434964207482,2.47916666666667
"195","103 ST","2017-08-05 09:00:00",1551.29709780233,1820.77030713478,1769,"2017-08-05 09:00:00",733.574095841863,766.118158502689,770.5,"2017-08-05 09:00:00",36.7229940029449,37.0271920753424,42.325
"196","103 ST","2017-08-05 13:00:00",1635.96214828176,1729.65142590179,1786.25,"2017-08-05 13:00:00",874.238159808231,840.749830018233,883.75,"2017-08-05 13:00:00",41.9998740891455,42.4442766971481,44.5
"197","103 ST","2017-08-05 17:00:00",1704.97122414018,1645.7707090915,1845.75,"2017-08-05 17:00:00",1091.49768119244,1102.4225194908,1121,"2017-08-05 17:00:00",47.0146611777775,46.4631924820887,49.4458333333333
"198","103 ST","2017-08-05 21:00:00",1630.37317962054,1622.674631219,1747.25,"2017-08-05 21:00:00",1291.20876245124,1462.56102390832,1547.25,"2017-08-05 21:00:00",49.3967517678636,52.4035977522923,54.9083333333333
"199","103 ST","2017-08-06 01:00:00",606.003216035834,613.452547232981,485.75,"2017-08-06 01:00:00",671.466195528581,780.637052645707,698,"2017-08-06 01:00:00",21.6756366695172,21.6950377224001,19.7291666666667
"200","103 ST","2017-08-06 05:00:00",355.386601861908,445.97422366626,59,"2017-08-06 05:00:00",306.86851973917,363.896684520674,98,"2017-08-06 05:00:00",9.83835008795406,9.29570137632999,2.61666666666667
"201","103 ST","2017-08-06 09:00:00",1398.68580947261,1613.2078114894,1560.75,"2017-08-06 09:00:00",702.108652609782,781.22081506183,736.75,"2017-08-06 09:00:00",37.370670230156,36.9672426808371,38.2916666666667
"202","103 ST","2017-08-06 13:00:00",1520.32467300349,1647.6422902803,1688.5,"2017-08-06 13:00:00",826.550538636819,829.565575758408,863.5,"2017-08-06 13:00:00",42.2123078763238,41.1102940195914,42.5333333333333
"203","103 ST","2017-08-06 17:00:00",1571.33892971783,1564.16750338921,1810.75,"2017-08-06 17:00:00",1007.1532228252,1053.91904321897,1194.25,"2017-08-06 17:00:00",46.8370165366079,44.7949538541742,50.0833333333333
"204","103 ST","2017-08-06 21:00:00",1513.19131562886,1552.46406541109,1691.5,"2017-08-06 21:00:00",1170.95230571937,1357.15432969208,1357,"2017-08-06 21:00:00",48.8669766057399,50.193847207713,50.8083333333333
"205","125 ST","2017-08-05 00:00:00",1155.57954223209,923.97992195207,958.5,"2017-08-05 00:00:00",1123.58616721146,1227.86817271921,1029.5,"2017-08-05 00:00:00",27.0860237190174,25.2703616760292,23.6666666666667
"206","125 ST","2017-08-05 04:00:00",295.250509839061,145.544356927131,149.5,"2017-08-05 04:00:00",318.665564105366,352.017927517121,234,"2017-08-05 04:00:00",7.23269975084149,6.93902899295027,4.56547619047619
"207","125 ST","2017-08-05 08:00:00",867.786090655403,888.875295025124,897,"2017-08-05 08:00:00",641.249061151963,690.435698827586,647.25,"2017-08-05 08:00:00",18.4599422461963,19.4086946517092,18.3839285714286
"208","125 ST","2017-08-05 12:00:00",2094.97900586155,2244.71417239203,2294.25,"2017-08-05 12:00:00",1463.42694507065,1498.81501170524,1542.25,"2017-08-05 12:00:00",42.6852848365695,44.3248781083214,45.6726190476191
"209","125 ST","2017-08-05 16:00:00",1928.40308989087,1746.79427381392,1877.25,"2017-08-05 16:00:00",1521.61532954338,1314.14742903399,1480.75,"2017-08-05 16:00:00",40.807900732152,36.3660855736185,39.9761904761905
"210","125 ST","2017-08-05 20:00:00",2345.82820518967,2195.28217705371,2504.75,"2017-08-05 20:00:00",2043.18859024124,2184.09856641031,2291.75,"2017-08-05 20:00:00",52.487424694581,52.3400166039771,57.1011904761905
"211","125 ST","2017-08-06 00:00:00",1223.43019977593,955.45322947713,1055.75,"2017-08-06 00:00:00",1115.31713901663,1218.38491015157,1200.5,"2017-08-06 00:00:00",27.9146759818514,25.4596267359445,26.860119047619
"212","125 ST","2017-08-06 04:00:00",431.846544090217,234.875668184548,169.5,"2017-08-06 04:00:00",353.398339852632,407.032602252585,264,"2017-08-06 04:00:00",9.34036958518782,8.29021075164148,5.16071428571429
"213","125 ST","2017-08-06 08:00:00",968.21596664263,919.923218123347,840.25,"2017-08-06 08:00:00",649.241296724555,723.329229308268,585.75,"2017-08-06 08:00:00",19.7268444599568,19.9251709807174,16.9761904761905
"214","125 ST","2017-08-06 12:00:00",2105.66295181626,2166.37656475255,2170,"2017-08-06 12:00:00",1415.83004007223,1480.99300783202,1476.5,"2017-08-06 12:00:00",42.3619419262684,43.2783970958789,43.4107142857143
"215","125 ST","2017-08-06 16:00:00",1953.42099226174,1704.31738247841,2011.75,"2017-08-06 16:00:00",1475.17486369429,1302.52916011984,1568,"2017-08-06 16:00:00",40.8887030682528,35.7327846970248,42.6160714285714
"216","125 ST","2017-08-06 20:00:00",2339.72003996841,2116.48498348393,2460.5,"2017-08-06 20:00:00",1951.45439861534,2120.16472263469,2077,"2017-08-06 20:00:00",51.4979608880961,50.5767676917012,54.0178571428571
"217","FOREST HILLS 71","2017-08-05 01:00:00",435.387057604683,176.731473547104,302.75,"2017-08-05 01:00:00",447.185660357447,515.196901682334,374.5,"2017-08-05 01:00:00",8.53248865227563,11.3538118948844,7.36141304347826
"218","FOREST HILLS 71","2017-08-05 05:00:00",303.980411185919,252.319757288287,60,"2017-08-05 05:00:00",94.1831860050464,85.7619227874486,54.5,"2017-08-05 05:00:00",4.88118354563743,2.67360399819517,1.2445652173913
"219","FOREST HILLS 71","2017-08-05 09:00:00",2563.33731502659,3050.28558138512,2856.5,"2017-08-05 09:00:00",359.274885040213,469.779432815678,314.25,"2017-08-05 09:00:00",27.6667003458229,30.4730240270835,34.4646739130435
"220","FOREST HILLS 71","2017-08-05 13:00:00",1590.38627013264,2007.65047692191,1734.75,"2017-08-05 13:00:00",469.483394068473,485.144256220178,479.5,"2017-08-05 13:00:00",21.7748306975771,24.901985857632,24.0679347826087
"221","FOREST HILLS 71","2017-08-05 17:00:00",1354.25214744509,1413.05976827121,1291,"2017-08-05 17:00:00",853.517753611647,704.901262811838,815.5,"2017-08-05 17:00:00",23.4561612657454,15.1734495247167,22.8967391304348
"222","FOREST HILLS 71","2017-08-05 21:00:00",1202.16888919111,1058.98719461441,1193.75,"2017-08-05 21:00:00",1280.84349733184,1577.53455873663,1523.5,"2017-08-05 21:00:00",25.8873985237479,27.8738083687733,29.5353260869565
"223","FOREST HILLS 71","2017-08-06 01:00:00",392.393154400723,291.287260118275,347.25,"2017-08-06 01:00:00",432.664198514844,553.765666805306,462,"2017-08-06 01:00:00",7.92367233574522,11.9808953907056,8.79619565217391
"224","FOREST HILLS 71","2017-08-06 05:00:00",282.524421154895,386.850087950168,74.5,"2017-08-06 05:00:00",135.768828116078,113.053834766029,52.75,"2017-08-06 05:00:00",4.54172235844002,4.51678094835219,1.38315217391304
"225","FOREST HILLS 71","2017-08-06 09:00:00",1976.41715195985,2359.29313712849,2426.5,"2017-08-06 09:00:00",316.719385292648,446.261788064777,300,"2017-08-06 09:00:00",24.2797049259427,29.5523456715427,29.6358695652174
"226","FOREST HILLS 71","2017-08-06 13:00:00",1339.54174955794,1801.40981784289,1553,"2017-08-06 13:00:00",453.435854698492,444.858965685474,423.5,"2017-08-06 13:00:00",19.2408235602903,24.664745272653,21.4836956521739
"227","FOREST HILLS 71","2017-08-06 17:00:00",1134.12746929959,1349.27718264689,1286.5,"2017-08-06 17:00:00",790.880774758123,661.234735033613,853.25,"2017-08-06 17:00:00",20.57352017321,15.6821349511591,23.258152173913
"228","FOREST HILLS 71","2017-08-06 21:00:00",1044.66902075143,1082.36135871138,1170.75,"2017-08-06 21:00:00",1165.92603296531,1389.35694228814,1264,"2017-08-06 21:00:00",22.7037841981777,27.3297579407631,26.4646739130435
"229","DELANCEY/ESSEX","2017-08-05 01:00:00",932.716584860515,722.738917281532,754.25,"2017-08-05 01:00:00",560.191236821985,511.225660286464,400.75,"2017-08-05 01:00:00",19.4249724524725,16.0078227657842,15.1973684210526
"230","DELANCEY/ESSEX","2017-08-05 05:00:00",303.260772558066,209.045326210235,121,"2017-08-05 05:00:00",139.784479406571,99.7184798744719,51.5,"2017-08-05 05:00:00",6.64642155900784,4.28816436406746,2.26973684210526
"231","DELANCEY/ESSEX","2017-08-05 09:00:00",906.623037538572,1106.00423896439,1102.25,"2017-08-05 09:00:00",666.269599361253,832.00823156699,780,"2017-08-05 09:00:00",21.3124162327657,23.922512308289,24.7664473684211
"232","DELANCEY/ESSEX","2017-08-05 13:00:00",1106.3588502934,1120.63609314495,1165.75,"2017-08-05 13:00:00",772.405006304837,774.581571212692,820.75,"2017-08-05 13:00:00",25.5348589485221,24.6975231098054,26.1381578947368
"233","DELANCEY/ESSEX","2017-08-05 17:00:00",1409.33522407846,1310.23795205247,1322.5,"2017-08-05 17:00:00",1014.15240006729,884.036710137365,928,"2017-08-05 17:00:00",32.3855221229661,28.7061389405752,29.6118421052632
"234","DELANCEY/ESSEX","2017-08-05 21:00:00",1424.26474468733,1398.00232610277,1591.25,"2017-08-05 21:00:00",1303.67232184685,1346.11914538707,1508.25,"2017-08-05 21:00:00",36.7428000045191,35.6639269114313,40.7828947368421
"235","DELANCEY/ESSEX","2017-08-06 01:00:00",910.98609053954,761.605138944235,865.25,"2017-08-06 01:00:00",530.369186744372,544.03970386872,527.25,"2017-08-06 01:00:00",17.5753282003047,16.3087584117904,18.3223684210526
"236","DELANCEY/ESSEX","2017-08-06 05:00:00",388.887911032029,347.687790519139,191.5,"2017-08-06 05:00:00",168.868058222395,163.74649987143,72.75,"2017-08-06 05:00:00",6.48806640117286,5.90147080301961,3.47697368421053
"237","DELANCEY/ESSEX","2017-08-06 09:00:00",892.139153765022,1063.92980131168,958.25,"2017-08-06 09:00:00",630.221720415574,788.320288281598,697.5,"2017-08-06 09:00:00",19.2576269067798,23.4105661611661,21.7861842105263
"238","DELANCEY/ESSEX","2017-08-06 13:00:00",1075.91938866435,1097.5787064073,1118.75,"2017-08-06 13:00:00",733.639875206434,748.253179854901,789,"2017-08-06 13:00:00",23.2258886094794,24.1659559779734,25.1019736842105
"239","DELANCEY/ESSEX","2017-08-06 17:00:00",1299.85769311231,1249.52699126775,1437.25,"2017-08-06 17:00:00",934.041604843179,854.130053009643,1049,"2017-08-06 17:00:00",28.9766479395211,27.7794813131771,32.7138157894737
"240","DELANCEY/ESSEX","2017-08-06 21:00:00",1350.44160320726,1334.89845860274,1522.75,"2017-08-06 21:00:00",1212.20567653473,1243.54066383512,1403,"2017-08-06 21:00:00",33.4106111609094,34.0501298846865,38.4967105263158
"241","BEDFORD AV","2017-08-05 00:00:00",1248.46721714041,1047.744931091,972.75,"2017-08-05 00:00:00",1707.39196143636,1428.47069499866,1394.75,"2017-08-05 00:00:00",57.4629216081186,49.8754754486411,45.5288461538462
"242","BEDFORD AV","2017-08-05 04:00:00",412.203134479029,300.411482901501,146,"2017-08-05 04:00:00",444.027768065882,483.329116948523,179.25,"2017-08-05 04:00:00",17.8105445954063,15.1593432881741,6.25480769230769
"243","BEDFORD AV","2017-08-05 08:00:00",604.158302420933,718.13025286864,582.25,"2017-08-05 08:00:00",548.765053552413,683.04034516208,486.5,"2017-08-05 08:00:00",24.8370681894476,25.2966662044186,20.5528846153846
"244","BEDFORD AV","2017-08-05 12:00:00",1875.90160846583,2084.45406135639,2374.75,"2017-08-05 12:00:00",1091.70581859766,1028.52876547237,1074.5,"2017-08-05 12:00:00",59.5086700253951,63.8425414095183,66.3317307692308
"245","BEDFORD AV","2017-08-05 16:00:00",1298.0501363031,1074.98378169681,1151.5,"2017-08-05 16:00:00",1578.09172490044,1244.9584173833,1142.75,"2017-08-05 16:00:00",53.1170333587245,45.1269931569195,44.1201923076923
"246","BEDFORD AV","2017-08-05 20:00:00",1615.60015630061,1455.95676591519,1697.25,"2017-08-05 20:00:00",2803.2752166673,2884.78509413311,3230.75,"2017-08-05 20:00:00",87.7242522391234,85.1305919720361,94.7692307692308
"247","BEDFORD AV","2017-08-06 00:00:00",986.070445644528,1088.75257629505,1162.5,"2017-08-06 00:00:00",1287.21286611862,1417.9883662461,1590.5,"2017-08-06 00:00:00",44.3971760174457,51.3936188757483,52.9423076923077
"248","BEDFORD AV","2017-08-06 04:00:00",320.977862725994,466.665938458463,217.5,"2017-08-06 04:00:00",347.377400826856,595.851657706923,192,"2017-08-06 04:00:00",10.1826215185573,21.3524198251625,7.875
"249","BEDFORD AV","2017-08-06 08:00:00",483.793992103002,828.337169540344,456.5,"2017-08-06 08:00:00",407.334967788301,873.73604975504,464.5,"2017-08-06 08:00:00",16.8612817762909,30.3023478011524,17.7115384615385
"250","BEDFORD AV","2017-08-06 12:00:00",1461.39721932211,1854.26947937263,2096.75,"2017-08-06 12:00:00",763.033212480485,1149.67168314948,981.25,"2017-08-06 12:00:00",47.4926638902717,63.9314215874344,59.1923076923077
"251","BEDFORD AV","2017-08-06 16:00:00",1024.33114478194,1104.96482302701,1297.25,"2017-08-06 16:00:00",1234.93405273783,1235.08635458622,1473.5,"2017-08-06 16:00:00",41.5138719096317,47.0559560192143,53.2836538461538
"252","BEDFORD AV","2017-08-06 20:00:00",1265.63044477096,1381.30841450633,1725.75,"2017-08-06 20:00:00",2332.74961660285,2655.77174879344,3081.25,"2017-08-06 20:00:00",71.7569440971739,82.0817835705541,92.4423076923077
"253","86 ST-2 AVE","2017-08-05 01:00:00",548.797556976853,397.837748328277,397,"2017-08-05 01:00:00",586.142278962222,673.969060904113,602.25,"2017-08-05 01:00:00",17.4639433773787,18.0992469278776,16.6541666666667
"254","86 ST-2 AVE","2017-08-05 05:00:00",208.292746862377,189.685661656996,22.25,"2017-08-05 05:00:00",115.937038741763,73.4874066963608,35.5,"2017-08-05 05:00:00",6.23312706730183,4.78815176266625,0.9625
"255","86 ST-2 AVE","2017-08-05 09:00:00",1348.94003018746,1710.3573860101,1822,"2017-08-05 09:00:00",364.040597598731,542.623124914679,481,"2017-08-05 09:00:00",31.8149645155697,38.2388600791764,38.3833333333333
"256","86 ST-2 AVE","2017-08-05 13:00:00",1223.00516407881,1347.97774921143,1370,"2017-08-05 13:00:00",654.166593255087,558.765427617277,600,"2017-08-05 13:00:00",32.4520986215654,32.6680551435686,32.8333333333333
"257","86 ST-2 AVE","2017-08-05 17:00:00",1083.62050524009,1007.90329569753,1069,"2017-08-05 17:00:00",965.799116740089,797.548953871123,772.25,"2017-08-05 17:00:00",34.462246039511,30.6169739156993,30.6875
"258","86 ST-2 AVE","2017-08-05 21:00:00",1345.74633584079,1122.66239443357,1240.75,"2017-08-05 21:00:00",1233.99963307037,1705.07871648144,1596,"2017-08-05 21:00:00",42.8774001110066,47.403508134893,47.2791666666667
"259","86 ST-2 AVE","2017-08-06 01:00:00",514.956406336773,504.097557184297,405.75,"2017-08-06 01:00:00",594.177824916504,687.332717053806,613.75,"2017-08-06 01:00:00",15.2118213958086,20.3583820277444,16.9916666666667
"260","86 ST-2 AVE","2017-08-06 05:00:00",247.858318075811,399.285098292278,28,"2017-08-06 05:00:00",177.817332733354,95.9459019182467,40,"2017-08-06 05:00:00",6.52998294478278,9.41830467107949,1.13333333333333
"261","86 ST-2 AVE","2017-08-06 09:00:00",1085.59974667963,1472.52583353059,1529,"2017-08-06 09:00:00",381.216585249029,561.741835443162,459.25,"2017-08-06 09:00:00",27.3171388629411,36.1755424021177,33.1375
"262","86 ST-2 AVE","2017-08-06 13:00:00",985.325356324907,1237.03367578722,1303,"2017-08-06 13:00:00",674.62958640342,550.304334498031,641.25,"2017-08-06 13:00:00",27.7264515565559,31.8110945006853,32.4041666666667
"263","86 ST-2 AVE","2017-08-06 17:00:00",891.18935936005,978.680073118971,1094.25,"2017-08-06 17:00:00",954.189926618514,789.500341123675,980.75,"2017-08-06 17:00:00",29.0303914460775,30.3820842950417,34.5833333333333
"264","86 ST-2 AVE","2017-08-06 21:00:00",1079.04657507246,1076.28485003684,1383.5,"2017-08-06 21:00:00",1213.82574824421,1624.47019662555,1298,"2017-08-06 21:00:00",36.1300997109163,43.5178051061773,44.6916666666667
"265","JAY ST-METROTEC","2017-08-05 00:00:00",1028.16558806071,1400.40528971287,900.75,"2017-08-05 00:00:00",658.338138520881,543.688106560471,443.75,"2017-08-05 00:00:00",11.1902557814958,12.5843283617063,9.33680555555556
"266","JAY ST-METROTEC","2017-08-05 04:00:00",250.647797011539,543.535602372814,121.5,"2017-08-05 04:00:00",237.44535176195,230.453032020626,71.75,"2017-08-05 04:00:00",2.89311929776066,4.05533463079051,1.34201388888889
"267","JAY ST-METROTEC","2017-08-05 08:00:00",483.773745333199,503.032294818074,482.25,"2017-08-05 08:00:00",663.817295235068,476.292989095515,753,"2017-08-05 08:00:00",8.27008072294106,4.31793535605825,8.578125
"268","JAY ST-METROTEC","2017-08-05 12:00:00",1584.84233995608,1839.1604061845,1870.5,"2017-08-05 12:00:00",1827.18719151774,2168.23765298505,2423.5,"2017-08-05 12:00:00",23.9075545321719,27.1069134089361,29.8194444444444
"269","JAY ST-METROTEC","2017-08-05 16:00:00",2291.92006345791,2434.8433519487,2693.5,"2017-08-05 16:00:00",1078.40207643565,1118.44666177038,1118.25,"2017-08-05 16:00:00",23.1403894123084,23.9551981325319,26.4704861111111
"270","JAY ST-METROTEC","2017-08-05 20:00:00",3451.35392833936,4154.344233612,4388.25,"2017-08-05 20:00:00",1143.06450781702,1036.6592590643,1119.25,"2017-08-05 20:00:00",31.3424542672276,34.4944677614475,38.2465277777778
"271","JAY ST-METROTEC","2017-08-06 00:00:00",1402.50713546158,1422.87142643136,1004.5,"2017-08-06 00:00:00",691.03403507424,602.149948393667,527,"2017-08-06 00:00:00",14.8494991206987,12.4655707058999,10.6354166666667
"272","JAY ST-METROTEC","2017-08-06 04:00:00",746.016333630212,656.581951351169,124.5,"2017-08-06 04:00:00",363.953586770988,362.860748906367,72,"2017-08-06 04:00:00",7.73972160455817,5.1695194845679,1.36458333333333
"273","JAY ST-METROTEC","2017-08-06 08:00:00",965.719786776753,601.416476364984,432.5,"2017-08-06 08:00:00",722.94214810136,570.430232131112,680,"2017-08-06 08:00:00",12.3464672474656,5.39176957480613,7.72569444444444
"274","JAY ST-METROTEC","2017-08-06 12:00:00",1874.75269988952,1680.14726001987,1669.75,"2017-08-06 12:00:00",1620.38130349802,1846.35755266935,2075.75,"2017-08-06 12:00:00",25.7446841028447,24.8705574562709,26.0104166666667
"275","JAY ST-METROTEC","2017-08-06 16:00:00",2481.73089046717,2186.48406279466,2507.5,"2017-08-06 16:00:00",1012.96160406084,1042.92992459297,1111,"2017-08-06 16:00:00",25.0873255507188,22.1761725147111,25.1284722222222
"276","JAY ST-METROTEC","2017-08-06 20:00:00",3432.83136673064,3547.89896980329,3800.5,"2017-08-06 20:00:00",1065.73238871681,990.646391391315,1197.25,"2017-08-06 20:00:00",32.1149113853127,31.1848394345037,34.7065972222222
"277","GRAND ST","2017-08-05 00:00:00",1279.94466339781,904.790104981683,992.25,"2017-08-05 00:00:00",705.870251125943,617.565874625236,553.5,"2017-08-05 00:00:00",35.5073096889638,27.4419961753141,27.6026785714286
"278","GRAND ST","2017-08-05 04:00:00",345.289869759185,14.5699820866214,83,"2017-08-05 04:00:00",220.784417281357,191.171197986974,125.25,"2017-08-05 04:00:00",10.2685530830687,-5.29237496657553,3.71875
"279","GRAND ST","2017-08-05 08:00:00",567.656860299605,443.081820626165,502,"2017-08-05 08:00:00",713.435644409321,689.968576343425,672.5,"2017-08-05 08:00:00",23.1565484934242,11.7254002033057,20.9732142857143
"280","GRAND ST","2017-08-05 12:00:00",1507.56940500481,1497.44857491327,1718.75,"2017-08-05 12:00:00",1654.85803530533,1538.02207703571,1747.25,"2017-08-05 12:00:00",56.3545714045645,45.7409358189656,61.8928571428571
"281","GRAND ST","2017-08-05 16:00:00",1808.38760607627,1701.48011786939,1897,"2017-08-05 16:00:00",1034.12776069183,970.46608000784,1011.5,"2017-08-05 16:00:00",50.4220430832632,46.5213951439858,51.9375
"282","GRAND ST","2017-08-05 20:00:00",2778.14208188837,2601.96110585636,2911.25,"2017-08-05 20:00:00",1319.0317752304,1217.89825134818,1322.25,"2017-08-05 20:00:00",73.2780713091625,68.4821269392505,75.5982142857143
"283","GRAND ST","2017-08-06 00:00:00",1484.65334478142,890.456624442043,1103,"2017-08-06 00:00:00",830.55196205537,607.824267335955,627.75,"2017-08-06 00:00:00",42.2094808107345,26.6798231890746,30.90625
"284","GRAND ST","2017-08-06 04:00:00",620.201763078479,66.6114156152996,123.25,"2017-08-06 04:00:00",382.379563864335,216.807989943664,110,"2017-08-06 04:00:00",18.9845207598444,-2.44055932546199,4.16517857142857
"285","GRAND ST","2017-08-06 08:00:00",843.901416171591,459.892699634359,459.25,"2017-08-06 08:00:00",838.239223538982,677.24445384151,681.75,"2017-08-06 08:00:00",31.396933076569,13.3882629263309,20.375
"286","GRAND ST","2017-08-06 12:00:00",1731.5393723679,1445.58388023681,1536.25,"2017-08-06 12:00:00",1706.2595193511,1467.41667419446,1733.5,"2017-08-06 12:00:00",62.6595738721148,45.8726127588224,58.3883928571429
"287","GRAND ST","2017-08-06 16:00:00",2022.03297029228,1619.47530937618,1930.25,"2017-08-06 16:00:00",1136.45093448203,934.104271608179,1072.75,"2017-08-06 16:00:00",57.1129736095781,44.5167708331231,53.625
"288","GRAND ST","2017-08-06 20:00:00",2930.31534127606,2456.6253406606,2997,"2017-08-06 20:00:00",1399.82016237062,1160.30688021437,1397.75,"2017-08-06 20:00:00",78.467792042289,64.937845609546,78.4776785714286
"289","72 ST-2 AVE","2017-08-05 01:00:00",527.714999154743,549.372119037391,450.25,"2017-08-05 01:00:00",414.112785806073,578.997959671557,442.5,"2017-08-05 01:00:00",13.5572056340725,16.8310125506169,13.1286764705882
"290","72 ST-2 AVE","2017-08-05 05:00:00",155.968844965433,223.104348763367,18.5,"2017-08-05 05:00:00",195.512928466249,232.633094994329,34,"2017-08-05 05:00:00",4.56369939814739,7.10229242039334,0.772058823529412
"291","72 ST-2 AVE","2017-08-05 09:00:00",1021.64907503434,1359.52925921948,1276.75,"2017-08-05 09:00:00",1330.93196490086,1661.83670350926,1740,"2017-08-05 09:00:00",35.24418867761,45.6154311317653,44.3639705882353
"292","72 ST-2 AVE","2017-08-05 13:00:00",1101.81606992983,1184.21940591038,1176.75,"2017-08-05 13:00:00",1323.98754082149,1189.75501474252,1313,"2017-08-05 13:00:00",35.9234883449949,36.2120662520871,36.6139705882353
"293","72 ST-2 AVE","2017-08-05 17:00:00",1782.58163447946,1819.25879819707,1872.5,"2017-08-05 17:00:00",1039.11653740099,1000.96184368805,949.75,"2017-08-05 17:00:00",41.1257071585592,42.1435419299136,41.5036764705882
"294","72 ST-2 AVE","2017-08-05 21:00:00",1891.66794582661,2140.30006026722,2160.75,"2017-08-05 21:00:00",1113.49234698406,1645.7225869163,1580.75,"2017-08-05 21:00:00",44.1683907353317,56.4964724562063,55.0220588235294
"295","72 ST-2 AVE","2017-08-06 01:00:00",617.814242707273,587.647818362932,500.75,"2017-08-06 01:00:00",453.047019549425,653.00069574876,461.5,"2017-08-06 01:00:00",15.802888298365,19.3298322569542,14.1507352941176
"296","72 ST-2 AVE","2017-08-06 05:00:00",299.384510153951,312.853485124848,22.25,"2017-08-06 05:00:00",275.18336081006,377.809360594041,32.5,"2017-08-06 05:00:00",8.3739309827021,10.8174410909188,0.805147058823529
"297","72 ST-2 AVE","2017-08-06 09:00:00",1052.73178848359,1274.18364769068,1086.5,"2017-08-06 09:00:00",1208.15344623832,1511.64076625391,1550.25,"2017-08-06 09:00:00",34.6732334128955,42.6737994343191,38.7757352941176
"298","72 ST-2 AVE","2017-08-06 13:00:00",1141.91938560034,1131.71716822554,1093.75,"2017-08-06 13:00:00",1220.30467609615,1148.14999039434,1380.75,"2017-08-06 13:00:00",35.5048752920799,34.9758524984818,36.3897058823529
"299","72 ST-2 AVE","2017-08-06 17:00:00",1727.24621318862,1685.82390553828,1848.5,"2017-08-06 17:00:00",959.979160318595,991.804361385061,1065.5,"2017-08-06 17:00:00",39.486128041973,39.8533767184051,42.8529411764706
"300","72 ST-2 AVE","2017-08-06 21:00:00",1838.45424524438,1967.23182776728,1984.5,"2017-08-06 21:00:00",1047.92328208247,1488.19260672793,1188,"2017-08-06 21:00:00",42.6986618026121,51.5304327719002,46.6544117647059
"301","77 ST","2017-08-05 01:00:00",487.76354618028,474.215432116297,456.25,"2017-08-05 01:00:00",270.43916457149,408.517173547219,302.75,"2017-08-05 01:00:00",11.6012325969523,15.2753999725135,12.65
"302","77 ST","2017-08-05 05:00:00",27.0203067596231,111.486814835782,19.75,"2017-08-05 05:00:00",98.8547433899791,140.765880132304,28.75,"2017-08-05 05:00:00",2.52249790207259,5.57911302402278,0.808333333333333
"303","77 ST","2017-08-05 09:00:00",775.193372752677,1016.18180846985,998,"2017-08-05 09:00:00",1311.7704080762,1642.51989344231,1578,"2017-08-05 09:00:00",36.6936842033162,45.2620869568873,42.9333333333333
"304","77 ST","2017-08-05 13:00:00",1122.9004500275,1221.90709000004,1166.75,"2017-08-05 13:00:00",1649.72794501402,1572.64915456981,1658.75,"2017-08-05 13:00:00",45.9492091747663,47.6968771009509,47.0916666666667
"305","77 ST","2017-08-05 17:00:00",1924.45683932053,2021.78271246492,2019.75,"2017-08-05 17:00:00",1375.13568968132,1282.08426796602,1284.5,"2017-08-05 17:00:00",54.6176045607964,55.5836470460118,55.0708333333333
"306","77 ST","2017-08-05 21:00:00",1592.09932293374,1708.23655832118,1763.75,"2017-08-05 21:00:00",1117.38180213476,1505.76027956841,1451.5,"2017-08-05 21:00:00",45.0956926915682,53.9824982057676,53.5875
"307","77 ST","2017-08-06 01:00:00",561.648825433038,486.193763812131,503,"2017-08-06 01:00:00",288.776449129186,461.102781945076,337.25,"2017-08-06 01:00:00",11.9804327691039,17.315635405964,14.0041666666667
"308","77 ST","2017-08-06 05:00:00",158.732527600391,191.596558331734,18.25,"2017-08-06 05:00:00",138.56859545762,231.116777093137,33.75,"2017-08-06 05:00:00",4.92977886693823,9.07912516343385,0.866666666666667
"309","77 ST","2017-08-06 09:00:00",830.268377463125,958.301717166182,847.5,"2017-08-06 09:00:00",1200.98489664233,1539.94344052801,1463.5,"2017-08-06 09:00:00",34.8395106156677,42.7280789183908,38.5166666666667
"310","77 ST","2017-08-06 13:00:00",1157.85228009212,1185.30240718561,1142.5,"2017-08-06 13:00:00",1552.15492686347,1516.6104124225,1698.25,"2017-08-06 13:00:00",43.8368360062379,46.1997443763522,47.3458333333333
"311","77 ST","2017-08-06 17:00:00",1875.95256738243,1882.59800249728,1993.5,"2017-08-06 17:00:00",1277.14951891772,1259.11245183642,1397.5,"2017-08-06 17:00:00",50.9780310226569,52.5325210277316,56.5166666666667
"312","77 ST","2017-08-06 21:00:00",1597.315225346,1616.15668576475,1650,"2017-08-06 21:00:00",1059.0429505317,1418.58283696627,1140.25,"2017-08-06 21:00:00",43.33818472826,50.6859794590679,46.5041666666667
"313","FORDHAM RD","2017-08-05 00:00:00",532.763553802728,421.186899359212,452.25,"2017-08-05 00:00:00",286.955554318382,327.996004001889,313,"2017-08-05 00:00:00",12.9675703430282,12.2844618076979,11.95703125
"314","FORDHAM RD","2017-08-05 04:00:00",150.489018212483,93.030008265533,77.25,"2017-08-05 04:00:00",126.139315421671,142.002395465784,124.75,"2017-08-05 04:00:00",4.32796238694356,3.34381224162994,3.15625
"315","FORDHAM RD","2017-08-05 08:00:00",1144.84982181525,1173.32173081183,1244.25,"2017-08-05 08:00:00",120.096970079559,138.122464020365,108.5,"2017-08-05 08:00:00",19.9747641321488,20.2495160291343,21.13671875
"316","FORDHAM RD","2017-08-05 12:00:00",1306.00992118266,1366.81855685557,1421,"2017-08-05 12:00:00",286.89551153138,301.755818958922,294.25,"2017-08-05 12:00:00",24.6018235893924,25.919167128045,26.80078125
"317","FORDHAM RD","2017-08-05 16:00:00",1218.43483940368,1223.57475076566,1269,"2017-08-05 16:00:00",400.566628788193,381.716302188842,416.75,"2017-08-05 16:00:00",24.8643828741436,24.5835496894524,26.33984375
"318","FORDHAM RD","2017-08-05 20:00:00",1212.23682210953,1157.84515790468,1293.75,"2017-08-05 20:00:00",625.602419579652,660.688446040576,704,"2017-08-05 20:00:00",28.2141424902422,27.7130221721908,31.21484375
"319","FORDHAM RD","2017-08-06 00:00:00",555.43100489809,455.14876326273,531.5,"2017-08-06 00:00:00",293.879915416062,327.701933980326,289.25,"2017-08-06 00:00:00",14.9611716686748,12.7690249962946,12.82421875
"320","FORDHAM RD","2017-08-06 04:00:00",203.616220619209,147.476087006227,82.5,"2017-08-06 04:00:00",144.120157254121,151.134378964446,123.75,"2017-08-06 04:00:00",7.01656375364474,4.34945020699589,3.22265625
"321","FORDHAM RD","2017-08-06 08:00:00",1118.74607275713,1155.31304957417,1197.5,"2017-08-06 08:00:00",137.177562185252,148.016679898294,110.25,"2017-08-06 08:00:00",21.3725267619374,19.9811710549782,20.43359375
"322","FORDHAM RD","2017-08-06 12:00:00",1267.06488963285,1337.08822309492,1344.5,"2017-08-06 12:00:00",293.312560920843,302.168613119531,286.25,"2017-08-06 12:00:00",25.6114355075112,24.8373937105619,25.48046875
"323","FORDHAM RD","2017-08-06 16:00:00",1186.46781524605,1197.47151337413,1250,"2017-08-06 16:00:00",400.089083465397,376.880707835845,408.25,"2017-08-06 16:00:00",25.8692419266341,23.7218088362034,25.91015625
"324","FORDHAM RD","2017-08-06 20:00:00",1180.76365773047,1135.93612888486,1243.25,"2017-08-06 20:00:00",609.748895777982,639.705086117944,640.25,"2017-08-06 20:00:00",28.9213061906513,26.9150467022199,29.4296875
"325","DEKALB AV","2017-08-05 00:00:00",797.088219588069,654.044358419951,585.75,"2017-08-05 00:00:00",462.236110718493,450.370170735462,455.75,"2017-08-05 00:00:00",18.4356327140295,14.359359878614,13.01875
"326","DEKALB AV","2017-08-05 04:00:00",314.137878274241,245.223593494362,92,"2017-08-05 04:00:00",111.92767090332,104.334344810324,79.25,"2017-08-05 04:00:00",5.80218444791639,5.18026026143674,2.140625
"327","DEKALB AV","2017-08-05 08:00:00",873.699523518609,1033.56944989081,944.25,"2017-08-05 08:00:00",233.88796732947,328.971149298549,301,"2017-08-05 08:00:00",12.448408879677,16.854809832438,15.565625
"328","DEKALB AV","2017-08-05 12:00:00",1918.72788900313,2060.46087663022,NA,"2017-08-05 12:00:00",584.088192375769,600.856628500494,NA,"2017-08-05 12:00:00",30.5071274966109,32.2331599474284,NA
"329","DEKALB AV","2017-08-05 16:00:00",1237.86038349683,1270.49877868634,1754.375,"2017-08-05 16:00:00",593.492556806724,493.968002478665,622.125,"2017-08-05 16:00:00",25.7411464411848,21.2800359038257,14.853125
"330","DEKALB AV","2017-08-05 20:00:00",1865.2806693701,1804.6682652785,1907.5,"2017-08-05 20:00:00",815.811105379001,854.016395520752,962.25,"2017-08-05 20:00:00",32.3957784335689,32.5908050693513,35.871875
"331","DEKALB AV","2017-08-06 00:00:00",909.712464422641,627.303477315211,694.5,"2017-08-06 00:00:00",534.953660409689,433.960632478024,461.5,"2017-08-06 00:00:00",18.7493646029632,14.6026885978457,14.45
"332","DEKALB AV","2017-08-06 04:00:00",520.794527267386,380.118388379567,90.5,"2017-08-06 04:00:00",208.519912144713,112.554646071163,112.5,"2017-08-06 04:00:00",9.76943674188325,5.8995090125583,2.5375
"333","DEKALB AV","2017-08-06 08:00:00",940.724065982671,951.841151705873,804,"2017-08-06 08:00:00",323.404191980795,321.812060518626,259.5,"2017-08-06 08:00:00",15.1252424906553,16.9048811325191,13.29375
"334","DEKALB AV","2017-08-06 12:00:00",1927.90970183209,1854.20053333476,1933.5,"2017-08-06 12:00:00",651.250087064856,573.192312004556,614.5,"2017-08-06 12:00:00",29.2308149792915,30.6536449073562,31.85
"335","DEKALB AV","2017-08-06 16:00:00",1396.96387712718,1283.97874032569,1377,"2017-08-06 16:00:00",659.504352136551,474.601726569974,631.75,"2017-08-06 16:00:00",26.0622344073819,20.2517762373514,25.109375
"336","DEKALB AV","2017-08-06 20:00:00",1805.11022002866,1602.97435664451,1962.25,"2017-08-06 20:00:00",866.380103115828,809.200069672578,870.5,"2017-08-06 20:00:00",33.0657673862196,30.2168071241685,35.409375
"337","JAMAICA CENTER","2017-08-05 00:00:00",599.569819946547,569.349385330124,542.5,"2017-08-05 00:00:00",1350.05577212488,1589.29731658144,1268.25,"2017-08-05 00:00:00",25.4022019141237,28.7125341694902,21.5565476190476
"338","JAMAICA CENTER","2017-08-05 04:00:00",265.787036781948,237.828814807967,119.75,"2017-08-05 04:00:00",488.72411174048,594.589602746496,333,"2017-08-05 04:00:00",10.686761423266,11.3448768081306,5.38988095238095
"339","JAMAICA CENTER","2017-08-05 08:00:00",2428.26293908653,2751.96136364212,2914.75,"2017-08-05 08:00:00",676.857042631725,783.040074830242,594.5,"2017-08-05 08:00:00",37.4098426260037,43.6339688179645,41.7767857142857
"340","JAMAICA CENTER","2017-08-05 12:00:00",1847.90770795278,2117.0555098064,2292.5,"2017-08-05 12:00:00",1144.34276519124,1276.94330469699,1307.75,"2017-08-05 12:00:00",35.9525810467383,40.105289569909,42.8601190476191
"341","JAMAICA CENTER","2017-08-05 16:00:00",1438.28791625427,1402.5592644859,1586.25,"2017-08-05 16:00:00",1370.74781123513,1329.23039505023,1420.5,"2017-08-05 16:00:00",34.1712468497276,34.9036129286581,35.7946428571429
"342","JAMAICA CENTER","2017-08-05 20:00:00",1536.77495893457,1526.43418785667,1631,"2017-08-05 20:00:00",2433.98531778767,2838.68926964296,2985,"2017-08-05 20:00:00",47.3070010552315,52.8074202152692,54.9523809523809
"343","JAMAICA CENTER","2017-08-06 00:00:00",567.544758474663,579.582594211733,589.75,"2017-08-06 00:00:00",1411.17135598742,1502.62213271107,1365.5,"2017-08-06 00:00:00",27.6040453048977,29.473670572096,23.2767857142857
"344","JAMAICA CENTER","2017-08-06 04:00:00",323.422503771253,328.317237796413,124.25,"2017-08-06 04:00:00",697.58458275173,677.325715502221,347.5,"2017-08-06 04:00:00",15.8268180169782,15.1355508438141,5.61607142857143
"345","JAMAICA CENTER","2017-08-06 08:00:00",2116.46102406864,2353.09873650825,2664.5,"2017-08-06 08:00:00",852.872306338915,830.314863020421,588,"2017-08-06 08:00:00",36.9338358236038,40.2436285031452,38.7202380952381
"346","JAMAICA CENTER","2017-08-06 12:00:00",1668.50550792009,1869.39862361029,1998.75,"2017-08-06 12:00:00",1239.53710165658,1236.45658906697,1160.5,"2017-08-06 12:00:00",35.8774984470838,37.3228931131998,37.6101190476191
"347","JAMAICA CENTER","2017-08-06 16:00:00",1314.37864675979,1302.63278814163,1531,"2017-08-06 16:00:00",1426.77696727491,1278.75474074799,1438.5,"2017-08-06 16:00:00",34.3384340792457,33.2338329130748,35.3511904761905
"348","JAMAICA CENTER","2017-08-06 20:00:00",1400.20391531373,1417.52548622456,1595,"2017-08-06 20:00:00",2306.66698959147,2524.00141647338,2725.75,"2017-08-06 20:00:00",44.5797089205007,47.0124491690482,51.4375
